date,usdinr_official,btc_usd,usdt_usd,btc_usdt_binance,coindcx_usdtinr,coindcx_btcinr,wazirx_usdtinr,wazirx_btcinr,prem_usdt_coindcx,prem_usdt_wazirx,prem_btc_coindcx,prem_btc_wazirx,post_budget_2022,post_tax30_2022,post_tds1_2022,post_tcs20_2023,post_fiu_block_2024,post_wazirx_hack
2021-01-04,73.08,31802.1467136178,1.00078847645389,,,,,,,,,,0,0,0,0,0,0
2021-01-05,73.15,34013.1741724138,1.00294670368206,,,,,,,,,,0,0,0,0,0,0
2021-01-06,73.15,36643.2777223846,1.00223313851549,,,,,,,,,,0,0,0,0,0,0
2021-01-07,73.43,39215.6511490356,1.00110721800117,,,,,,,,,,0,0,0,0,0,0
2021-01-08,73.31,40775.4045634132,1.00099577673875,,,,,,,,,,0,0,0,0,0,0
2021-01-11,73.5,35269.5137177089,1.00058692460549,,,,,,,,,,0,0,0,0,0,0
2021-01-12,73.26,33712.4685452952,0.999720046756283,,,,,,,,,,0,0,0,0,0,0
2021-01-13,73.07,37296.5475277615,1.00027540100261,,,,,,,,,,0,0,0,0,0,0
2021-01-14,73.11,39045.518340152,0.998872232028054,,,,,,,,,,0,0,0,0,0,0
2021-01-15,73.08,36710.3174248977,0.999834848626534,,,,,,,,,,0,0,0,0,0,0
2021-01-19,73.2,36250.1461893629,1.00046794638736,,,,,,,,,,0,0,0,0,0,0
2021-01-21,72.96,31022.9510280538,0.999143780245471,,,,,,,,,,0,0,0,0,0,0
2021-01-22,72.98,32986.4357568673,1.00091508533022,,,,,,,,,,0,0,0,0,0,0
2021-01-25,73.01,32419.7059462303,1.00006044698271,,,,,,,,,,0,0,0,0,0,0
2021-01-26,72.9,32640.6391426067,1.00112616890707,,,,,,,,,,0,0,0,0,0,0
2021-01-27,73.05,30358.9347235535,1.00191072939801,,,,,,,,,,0,0,0,0,0,0
2021-01-28,72.91,33511.287595149,1.00241853302162,,,,,,,,,,0,0,0,0,0,0
2021-01-29,72.84,34166.1494259497,1.00041277147867,,,,,,,,,,0,0,0,0,0,0
2021-02-01,73.11,33570.2718468732,1.0003284465225,,,,,,,,,,0,0,0,0,0,0
2021-02-02,72.95,35596.1489094097,1.00086499415546,,,,,,,,,,0,0,0,0,0,0
2021-02-03,72.84,37578.3732068966,1.0012909170076,,,,,,,,,,0,0,0,0,0,0
2021-02-04,72.93,37129.2029376972,1.00113991817651,,,,,,,,,,0,0,0,0,0,0
2021-02-05,72.85,38045.4136084161,1.00075559438925,,,,,,,,,,0,0,0,0,0,0
2021-02-08,72.9,46121.9340724722,1.000809421391,,,,,,,,,,0,0,0,0,0,0
2021-02-09,72.83,46548.1619912332,1.00134510987726,,,,,,,,,,0,0,0,0,0,0
2021-02-10,72.82,45078.128350263,1.00064879836353,,,,,,,,,,0,0,0,0,0,0
2021-02-11,72.69,47892.8409181765,1.0006045873758,,,,,,,,,,0,0,0,0,0,0
2021-02-12,72.6,47525.2091431911,1.0021987521917,,,,,,,,,,0,0,0,0,0,0
2021-02-16,72.86,49140.3826578024,1.00011667445938,,,,,,,,,,0,0,0,0,0,0
2021-02-17,72.81,52224.9391139684,1.00059838230056,,,,,,,,,,0,0,0,0,0,0
2021-02-18,72.65,51650.0699485681,1.00025031268264,,,,,,,,,,0,0,0,0,0,0
2021-02-19,72.5,55820.5044038574,1.0006940666277,,,,,,,,,,0,0,0,0,0,0
2021-02-22,72.48,53952.1533386324,1.00070271478667,,,,,,,,,,0,0,0,0,0,0
2021-02-23,72.44,48560.4890350672,1.00024001753361,,,,,,,,,,0,0,0,0,0,0
2021-02-24,72.38,49567.3456890707,1.00086514026885,,,,,,,,,,0,0,0,0,0,0
2021-02-25,72.74,47568.131170076,0.999848481589714,,,,,,,,,,0,0,0,0,0,0
2021-02-26,73.92,46231.7675784921,1.00013544716159,,,,,,,,,,0,0,0,0,0,0
2021-03-01,73.4,49634.4471092928,1.00064350087668,,,,,,,,,,0,0,0,0,0,0
2021-03-02,73.29,48304.7054879018,1.00078202220923,,,,,,,,,,0,0,0,0,0,0
2021-03-03,72.85,50690.4671835184,1.00034045411052,,,,,,,,,,0,0,0,0,0,0
2021-03-04,72.73,48472.7954751607,0.999776019286967,,,,,,,,,,0,0,0,0,0,0
2021-03-05,73.21,48800.8173594389,1.00041998831093,,,,,,,,,,0,0,0,0,0,0
2021-03-08,73.32,52088.475131502,1.0003480829924,,,,,,,,,,0,0,0,0,0,0
2021-03-09,72.89,54739.1352542373,1.0003944301578,,,,,,,,,,0,0,0,0,0,0
2021-03-10,72.86,56116.040912332,1.00013777849211,,,,,,,,,,0,0,0,0,0,0
2021-03-11,72.69,57847.2549357101,1.00018422559906,,,,,,,,,,0,0,0,0,0,0
2021-03-12,72.71,57334.641534775,0.999969570426652,,,,,,,,,,0,0,0,0,0,0
2021-03-15,72.58,56121.121924021,1.00007880187025,,,,,,,,,,0,0,0,0,0,0
2021-03-16,72.52,56500.4460257159,1.00013556399766,,,,,,,,,,0,0,0,0,0,0
2021-03-17,72.56,58683.0659824664,1.00011422793688,,,,,,,,,,0,0,0,0,0,0
2021-03-18,72.63,57731.4798410871,0.999885781998831,,,,,,,,,,0,0,0,0,0,0
2021-03-19,72.45,58168.1219222677,0.999973,,,,,,,,,,0,0,0,0,0,0
2021-03-22,72.37,54453.1373508475,1.0002788603156,,,,,,,,,,0,0,0,0,0,0
2021-03-23,72.52,54563.6119458211,0.999952773816481,,,,,,,,,,0,0,0,0,0,0
2021-03-24,72.59,52595.4113237873,0.999677895967271,,,,,,,,,,0,0,0,0,0,0
2021-03-25,72.69,51547.1248953828,1.00015045440396,,,,,,,,,,0,0,0,0,0,0
2021-03-26,72.65,54817.8571122151,1.00067265225015,,,,,,,,,,0,0,0,0,0,0
2021-03-29,72.75,57571.2333477498,0.999888947983635,,,,,,,,,,0,0,0,0,0,0
2021-03-30,73.45,58684.5483921683,1.00039055289305,,,,,,,,,,0,0,0,0,0,0
2021-03-31,73.14,58792.1948275862,1.00036219053185,,,,,,,,,,0,0,0,0,0,0
2021-04-01,73.32,58818.9770985973,0.999729409701929,,,,,,,,,,0,0,0,0,0,0
2021-04-02,73.37,59031.5340192285,1.0001183056692,,,,,,,,,,0,0,0,0,0,0
2021-04-05,73.29,58755.8525295149,1.00003725774401,,,,,,,,,,0,0,0,0,0,0
2021-04-06,73.49,58084.0664231444,1.00028238340152,,,,,,,,,,0,0,0,0,0,0
2021-04-07,74.35,56266.8346762127,0.999762416715371,,,,,,,,,,0,0,0,0,0,0
2021-04-08,74.57,57963.3445994155,0.99988761659848,,,,,,,,,,0,0,0,0,0,0
2021-04-09,74.72,58051.7625563998,0.99966319988311,,,,,,,,,,0,0,0,0,0,0
2021-04-12,75.03,59905.9363744594,0.999589237872589,,,,,,,,,,0,0,0,0,0,0
2021-04-13,75.27,63445.638314436,1.00009319345412,,,,,,,,,,0,0,0,0,0,0
2021-04-14,75.07,62869.4955873758,1.00002478550555,,,,,,,,,,0,0,0,0,0,0
2021-04-15,74.81,63231.162987142,1.00110153126826,,,,,,,,,,0,0,0,0,0,0
2021-04-16,74.48,61571.1100905903,1.00119083693746,,,,,,,,,,0,0,0,0,0,0
2021-04-19,74.87,55798.1370771479,1.00103348042081,,,,,,,,,,0,0,0,0,0,0
2021-04-20,75.38,56474.3737586207,1.00104205177175,,,,,,,,,,0,0,0,0,0,0
2021-04-21,75.42,54025.7995745178,1.00021779076563,,,,,,,,,,0,0,0,0,0,0
2021-04-22,75.11,51882.0598106371,1.00015209643483,,,,,,,,,,0,0,0,0,0,0
2021-04-23,74.97,50954.9100607832,1.0009844301578,,,,,,,,,,0,0,0,0,0,0
2021-04-26,74.75,53943.3499783752,1.00079741671537,,,,,,,,,,0,0,0,0,0,0
2021-04-27,74.58,55027.0309848042,1.00109937346581,,,,,,,,,,0,0,0,0,0,0
2021-04-28,74.49,54787.3787071888,1.00094187025132,,,,,,,,,,0,0,0,0,0,0
2021-04-29,74.07,53567.0811938048,1.0005775862069,,,,,,,,,,0,0,0,0,0,0
2021-04-30,74.0,57741.44441654,1.00114534190532,,,,,,,,,,0,0,0,0,0,0
2021-05-03,73.82,57243.0416054939,1.00088293629456,,,,,,,,,,0,0,0,0,0,0
2021-05-04,73.8,53724.10892519,1.00046930216248,,,,,,,,,,0,0,0,0,0,0
2021-05-05,73.81,57342.0256616014,1.00097122735243,,,,,,,,,,0,0,0,0,0,0
2021-05-06,73.64,56527.3529789597,1.00061122501461,,,,,,,,,,0,0,0,0,0,0
2021-05-07,73.27,57341.0684549386,1.00082425482174,,,,,,,,,,0,0,0,0,0,0
2021-05-10,73.41,55902.9277399182,1.00094134424313,,,,,,,,,,0,0,0,0,0,0
2021-05-11,73.39,56612.1026487434,1.0014122238457,,,,,,,,,,0,0,0,0,0,0
2021-05-12,73.53,50972.355081239,0.999749117475161,,,,,,,,,,0,0,0,0,0,0
2021-05-13,73.48,49368.6144739918,1.00013338573933,,,,,,,,,,0,0,0,0,0,0
2021-05-14,73.23,49997.3959011105,1.00090936294565,,,,,,,,,,0,0,0,0,0,0
2021-05-17,73.3,43492.3954833431,1.00044249678551,,,,,,,,,,0,0,0,0,0,0
2021-05-18,73.04,42789.8093921683,1.00067343074226,,,,,,,,,,0,0,0,0,0,0
2021-05-19,73.2,37642.5200017534,1.00203487025131,,,,,,,,,,0,0,0,0,0,0
2021-05-20,73.03,40799.4021475745,1.00193997720631,,,,,,,,,,0,0,0,0,0,0
2021-05-21,72.82,37174.3311014027,1.00173608883694,,,,,,,,,,0,0,0,0,0,0
2021-05-24,72.86,38630.4091186441,1.0012064541204,,,,,,,,,,0,0,0,0,0,0
2021-05-25,72.78,38269.7710747516,1.00099437171245,,,,,,,,,,0,0,0,0,0,0
2021-05-26,72.71,39194.8588980129,1.00132651139684,,,,,,,,,,0,0,0,0,0,0
2021-05-27,72.59,38510.8570417884,1.0009787434249,,,,,,,,,,0,0,0,0,0,0
2021-05-28,72.42,35596.7179510228,1.00031662185856,,,,,,,,,,0,0,0,0,0,0
2021-06-01,72.83,36661.3781184687,0.999911987142022,,,,,,,,,,0,0,0,0,0,0
2021-06-02,72.97,37639.4556732905,1.00014260081824,,,,,,,,,,0,0,0,0,0,0
2021-06-03,73.01,39160.1504132086,1.00014723553477,,,,,,,,,,0,0,0,0,0,0
2021-06-04,72.87,36884.3735551724,1.00064786090006,,,,,,,,,,0,0,0,0,0,0
2021-06-07,72.8,33724.9077517826,1.00033279661017,,,,,,,,,,0,0,0,0,0,0
2021-06-08,72.93,33475.0489234366,1.00088871770894,,,,,,,,,,0,0,0,0,0,0
2021-06-09,72.98,37372.9888953828,1.00057117475161,,,,,,,,,,0,0,0,0,0,0
2021-06-10,73.1,36826.0022185856,1.00040308766803,,,,,,,,,,0,0,0,0,0,0
2021-06-11,73.24,37185.3931268264,1.00009368205728,,,,,,,,,,0,0,0,0,0,0
2021-06-14,73.16,40455.5959833431,1.00033300701344,,,,,,,,,,0,0,0,0,0,0
2021-06-15,73.35,40254.6514679135,1.00004954061952,,,,,,,,,,0,0,0,0,0,0
2021-06-16,73.31,38265.5437726476,0.999844800116891,,,,,,,,,,0,0,0,0,0,0
2021-06-17,74.16,38018.6432346581,1.00004020806546,,,,,,,,,,0,0,0,0,0,0
2021-06-18,74.14,35714.3120787259,1.00044645178258,,,,,,,,,,0,0,0,0,0,0
2021-06-21,74.18,31715.1598624196,0.999801036820573,,,,,,,,,,0,0,0,0,0,0
2021-06-22,74.37,32394.5555949737,1.00030004208065,,,,,,,,,,0,0,0,0,0,0
2021-06-23,74.13,33610.4968129749,1.00018887492694,,,,,,,,,,0,0,0,0,0,0
2021-06-24,74.14,34658.972875979,1.00002584219755,,,,,,,,,,0,0,0,0,0,0
2021-06-25,74.14,31683.5032004676,1.00003041963764,,,,,,,,,,0,0,0,0,0,0
2021-06-28,74.29,34376.188538983,1.00018711279953,,,,,,,,,,0,0,0,0,0,0
2021-06-29,74.29,35933.7782178843,1.0000875862069,,,,,,,,,,0,0,0,0,0,0
2021-06-30,74.33,35065.4661533606,1.00020690648743,,,,,,,,,,0,0,0,0,0,0
2021-07-01,74.56,33505.0804935126,1.00015347399182,,,,,,,,,,0,0,0,0,0,0
2021-07-02,74.51,33782.9459464641,1.00011035710111,,,,,,,,,,0,0,0,0,0,0
2021-07-06,74.58,34123.9815680888,1.0000818100526,,,,,,,,,,0,0,0,0,0,0
2021-07-07,74.81,33931.6186382233,1.00025285388662,,,,,,,,,,0,0,0,0,0,0
2021-07-08,74.76,32819.6595312098,1.0000098100526,,,,,,,,,,0,0,0,0,0,0
2021-07-09,74.53,33914.8810742256,0.999873894798364,,,,,,,,,,0,0,0,0,0,0
2021-07-12,74.56,33135.2359117475,0.999996580946815,,,,,,,,,,0,0,0,0,0,0
2021-07-13,74.51,32641.9759610169,1.00000148334307,,,,,,,,,,0,0,0,0,0,0
2021-07-14,74.54,32798.2845189947,1.00015368554277,,,,,,,,,,0,0,0,0,0,0
2021-07-15,74.55,31707.6900368206,0.999907942723554,,,,,,,,,,0,0,0,0,0,0
2021-07-16,74.61,31455.7175818819,1.000230138721,,,,,,,,,,0,0,0,0,0,0
2021-07-19,74.85,30883.4697462303,1.00000399766219,,,,,,,,,,0,0,0,0,0,0
2021-07-20,74.6,29766.6577182934,1.00009500384551,,,,,,,,,,0,0,0,0,0,0
2021-07-21,74.49,32119.6572258328,1.00006964874342,,,,,,,,,,0,0,0,0,0,0
2021-07-22,74.46,32306.9614285798,1.00005333883161,,,,,,,,,,0,0,0,0,0,0
2021-07-23,74.44,33439.5957028638,1.00036140736411,,,,,,,,,,0,0,0,0,0,0
2021-07-26,74.35,37444.7825102279,1.00030804589788,,,,,,,,,,0,0,0,0,0,0
2021-07-27,74.5,39126.5402881356,1.00029763237873,,,,,,,,,,0,0,0,0,0,0
2021-07-28,74.52,39939.1940432495,1.00024811396844,,,,,,,,,,0,0,0,0,0,0
2021-07-29,74.25,40086.1643950906,1.00022561659848,,,,,,,,,,0,0,0,0,0,0
2021-07-30,74.34,41789.6670981882,1.00054465809468,,,,,,,,,,0,0,0,0,0,0
2021-08-02,74.35,39304.1862835769,1.00015597779077,,,,,,,,,,0,0,0,0,0,0
2021-08-03,74.25,38288.8253975453,0.999977880771479,,,,,,,,,,0,0,0,0,0,0
2021-08-04,74.15,39773.9113489188,0.999979690824079,,,,,,,,,,0,0,0,0,0,0
2021-08-05,74.1,40941.650434249,1.00044308065459,,,,,,,,,,0,0,0,0,0,0
2021-08-06,74.19,42790.3573284629,1.00029479836353,,,,,,,,,,0,0,0,0,0,0
2021-08-09,74.31,46265.6424564582,1.00003687843366,,,,,,,,,,0,0,0,0,0,0
2021-08-10,74.5,45488.7912624196,1.00025402162478,,,,,,,,,,0,0,0,0,0,0
2021-08-11,74.25,45676.3263611923,1.00049458211572,,,,,,,,,,0,0,0,0,0,0
2021-08-12,74.31,44405.7483483343,1.00043679953244,,,,,,,,,,0,0,0,0,0,0
2021-08-13,74.24,47717.4853559322,1.00038431911163,,,,,,,,,,0,0,0,0,0,0
2021-08-16,74.19,45984.7199070719,1.00025933372297,,,,,,,,,,0,0,0,0,0,0
2021-08-17,74.38,44714.0967982466,0.99997222150789,,,,,,,,,,0,0,0,0,0,0
2021-08-18,74.27,44954.3637469316,1.00029726475745,,,,,,,,,,0,0,0,0,0,0
2021-08-19,74.38,46646.8615049679,0.999990742255991,,,,,,,,,,0,0,0,0,0,0
2021-08-20,74.35,49240.8356049094,1.00043935651666,,,,,,,,,,0,0,0,0,0,0
2021-08-23,74.12,49590.8763676213,1.00026270601987,,,,,,,,,,0,0,0,0,0,0
2021-08-24,74.13,47925.8622127411,1.00026786090006,,,,,,,,,,0,0,0,0,0,0
2021-08-25,74.23,49002.3166049094,1.00020066277031,,,,,,,,,,0,0,0,0,0,0
2021-08-26,74.13,47190.3449929866,1.00026765219967,,,,,,,,,,0,0,0,0,0,0
2021-08-27,73.47,49048.4755891292,1.00064076563413,,,,,,,,,,0,0,0,0,0,0
2021-08-30,73.29,47125.7685189947,1.00040678024547,,,,,,,,,,0,0,0,0,0,0
2021-08-31,72.95,47219.2443424898,1.00028406195208,,,,,,,,,,0,0,0,0,0,0
2021-09-01,72.99,48688.5375572764,1.00038080070134,,,,,,,,,,0,0,0,0,0,0
2021-09-02,72.99,49369.5862746932,1.00044932904734,,,,,,,,,,0,0,0,0,0,0
2021-09-03,72.98,49860.5341635301,1.00043451490357,,,,,,,,,,0,0,0,0,0,0
2021-09-07,73.44,46854.4006028638,1.00059688778492,,,,,,,,,,0,0,0,0,0,0
2021-09-08,73.84,46187.9757306254,1.00019632846289,,,,,,,,,,0,0,0,0,0,0
2021-09-09,73.52,46448.7748290473,1.00014860607832,,,,,,,,,,0,0,0,0,0,0
2021-09-10,73.52,44765.2755762712,1.00000922618352,,,,,,,,,,0,0,0,0,0,0
2021-09-13,73.58,44991.5221277031,1.00031541009513,,,,,,,,,,0,0,0,0,0,0
2021-09-14,73.64,47022.6177597896,1.00029605493863,,,,,,,,,,0,0,0,0,0,0
2021-09-15,73.47,48167.1893676213,1.00037501168907,,,,,,,,,,0,0,0,0,0,0
2021-09-16,73.56,47797.3283237873,1.00031777907656,,,,,,,,,,0,0,0,0,0,0
2021-09-17,73.64,47213.7941294565,1.00011430742256,,,,,,,,,,0,0,0,0,0,0
2021-09-20,73.65,42855.5103448276,0.999766230274693,,,,,,,,,,0,0,0,0,0,0
2021-09-21,73.71,40526.4893760958,0.999902948568089,,,,,,,,,,0,0,0,0,0,0
2021-09-22,73.8,43577.5724821742,1.00041283459965,,,,,,,,,,0,0,0,0,0,0
2021-09-23,73.7,44861.2980329047,1.00058305961426,,,,,,,,,,0,0,0,0,0,0
2021-09-24,73.81,42803.307701052,1.00071736119229,,,,,,,,,,0,0,0,0,0,0
2021-09-27,73.86,42496.7852250146,1.00031409409702,,,,,,,,,,0,0,0,0,0,0
2021-09-28,74.21,41223.7862743425,1.00011173290473,,,,,,,,,,0,0,0,0,0,0
2021-09-29,74.28,41453.9470131502,0.999877293971938,,,,,,,,,,0,0,0,0,0,0
2021-09-30,74.16,43781.546015488,1.00009505552309,,,,,,,,,,0,0,0,0,0,0
2021-10-01,74.15,48078.1315543542,1.00050757451783,,,,,,,,,,0,0,0,0,0,0
2021-10-04,74.46,49288.5013106371,1.00042514319112,,,,,,,,,,0,0,0,0,0,0
2021-10-05,74.51,51558.0493319112,1.00051246639392,,,,,,,,,,0,0,0,0,0,0
2021-10-06,74.82,55419.800411163,1.00046932787843,,,,,,,,,,0,0,0,0,0,0
2021-10-07,74.85,53805.1569125658,1.00031973115137,,,,,,,,,,0,0,0,0,0,0
2021-10-08,75.05,53933.5275908825,1.0001826943308,,,,,,,,,,0,0,0,0,0,0
2021-10-12,75.46,56196.1812597896,0.999980169491525,,,,,,,,,,0,0,0,0,0,0
2021-10-13,75.33,57348.8928769725,1.00008984804208,,,,,,,,,,0,0,0,0,0,0
2021-10-14,75.18,57384.0369146698,1.00015128872005,,,,,,,,,,0,0,0,0,0,0
2021-10-15,74.98,61446.0840073057,0.999775225014612,,,,,,,,,,0,0,0,0,0,0
2021-10-18,75.32,61977.0575514319,0.999895108123904,,,,,,,,,,0,0,0,0,0,0
2021-10-19,75.06,64290.8977574518,1.00024182057276,,,,,,,,,,0,0,0,0,0,0
2021-10-20,74.83,66061.7965639977,1.00019621274109,,,,,,,,,,0,0,0,0,0,0
2021-10-21,74.8,62373.8856206897,1.00014587375804,,,,,,,,,,0,0,0,0,0,0
2021-10-22,74.87,60750.9673718293,0.999791531268264,,,,,,,,,,0,0,0,0,0,0
2021-10-25,75.05,63031.6729015196,0.999946344243133,,,,,,,,,,0,0,0,0,0,0
2021-10-26,74.9,60393.9802738165,1.00010383985973,,,,,,,,,,0,0,0,0,0,0
2021-10-27,75.01,58563.3359899766,1.00094955873758,,,,,,,,,,0,0,0,0,0,0
2021-10-28,74.77,60564.5721122151,1.00047206604325,,,,,,,,,,0,0,0,0,0,0
2021-10-29,75.0,62230.8055689655,1.00028300409117,,,,,,,,,,0,0,0,0,0,0
2021-11-01,74.83,61092.0950592051,1.00063098188194,,,,,,,,,,0,0,0,0,0,0
2021-11-02,74.63,63024.7472296902,1.00081983343074,,,,,,,,,,0,0,0,0,0,0
2021-11-03,74.51,62955.9817630041,1.00057669199299,,,,,,,,,,0,0,0,0,0,0
2021-11-04,74.53,61393.8899780246,1.00073947141407,,,,,,,,,,0,0,0,0,0,0
2021-11-05,74.22,61005.840833723,1.00100962594974,,,,,,,,,,0,0,0,0,0,0
2021-11-08,73.91,67541.7555081824,1.00043556399766,,,,,,,,,,0,0,0,0,0,0
2021-11-09,74.1,67095.5856706605,1.00012808883694,,,,,,,,,,0,0,0,0,0,0
2021-11-10,74.26,64756.0779689071,1.00056202220923,,,,,,,,,,0,0,0,0,0,0
2021-11-12,74.4,64078.968037405,1.00025466393922,,,,,,,,,,0,0,0,0,0,0
2021-11-15,74.35,63753.5031592636,1.00011804208065,,,,,,,,,,0,0,0,0,0,0
2021-11-16,74.48,60322.4978530099,1.0005725949737,,,,,,,,,,0,0,0,0,0,0
2021-11-17,74.28,60154.3083661601,1.00054923436587,,,,,,,,,,0,0,0,0,0,0
2021-11-18,74.25,56794.1556271186,1.00054518410286,,,,,,,,,,0,0,0,0,0,0
2021-11-19,74.25,58014.0729888954,1.00087953828171,,,,,,,,,,0,0,0,0,0,0
2021-11-22,74.37,56383.5658760958,1.0007378755114,,,,,,,,,,0,0,0,0,0,0
2021-11-23,74.49,57642.2657980713,1.00050677673875,,,,,,,,,,0,0,0,0,0,0
2021-11-24,74.57,57141.8303784337,1.0003811659848,,,,,,,,,,0,0,0,0,0,0
2021-11-26,74.89,53800.6178389831,1.00068343074226,,,,,,,,,,0,0,0,0,0,0
2021-11-29,75.12,57920.7107299825,1.00096186440678,,,,,,,,,,0,0,0,0,0,0
2021-11-30,75.1,57097.0127942724,1.00086217708942,,,,,,,,,,0,0,0,0,0,0
2021-12-01,74.83,57180.6098439509,1.00062661601403,,,,,,,,,,0,0,0,0,0,0
2021-12-02,74.89,56582.8937691408,1.00074613091759,,,,,,,,,,0,0,0,0,0,0
2021-12-03,75.24,53671.6160680888,1.00052682933957,,,,,,,,,,0,0,0,0,0,0
2021-12-06,75.39,50535.4252232612,1.00112246054939,,,,,,,,,,0,0,0,0,0,0
2021-12-07,75.43,50574.4728344828,1.0008704880187,,,,,,,,,,0,0,0,0,0,0
2021-12-08,75.4,50500.6543513735,1.00090326125073,,,,,,,,,,0,0,0,0,0,0
2021-12-09,75.58,47937.8228458212,1.0005190414962,,,,,,,,,,0,0,0,0,0,0
2021-12-10,75.66,47437.2289725307,1.00047853886616,,,,,,,,,,0,0,0,0,0,0
2021-12-13,75.78,46785.3278410286,1.00044224430158,,,,,,,,,,0,0,0,0,0,0
2021-12-14,75.98,48292.6822501461,1.00039905610754,,,,,,,,,,0,0,0,0,0,0
2021-12-15,76.38,48830.6223860316,1.00036964932788,,,,,,,,,,0,0,0,0,0,0
2021-12-16,76.18,47663.4691077148,1.00019016364699,,,,,,,,,,0,0,0,0,0,0
2021-12-17,75.98,46334.4837489772,1.0003135710111,,,,,,,,,,0,0,0,0,0,0
2021-12-20,75.82,46954.7634783168,1.00022789255926,,,,,,,,,,0,0,0,0,0,0
2021-12-21,75.67,49082.0624666277,1.00029836645237,,,,,,,,,,0,0,0,0,0,0
2021-12-22,75.45,48692.0987391584,1.00034928404442,,,,,,,,,,0,0,0,0,0,0
2021-12-23,75.02,50712.9707682642,1.00040368205728,,,,,,,,,,0,0,0,0,0,0
2021-12-27,74.97,50796.3776735827,1.0003,,,,,,,,,,0,0,0,0,0,0
2021-12-28,74.67,47673.0440452367,1.00009799824664,,,,,,,,,,0,0,0,0,0,0
2021-12-29,74.58,46470.3215751023,1.00008758328463,,,,,,,,,,0,0,0,0,0,0
2021-12-30,74.39,47102.4630037989,0.999990005844535,,,,,,,,,,0,0,0,0,0,0
2022-01-03,74.32,46453.432351841,1.00008532437171,,,,,,,,,,0,0,0,0,0,0
2022-01-04,74.52,45905.9611221508,0.999844079485681,,,,,,,,,,0,0,0,0,0,0
2022-01-05,74.31,43530.9440388662,1.0000262478083,,,,,,,,,,0,0,0,0,0,0
2022-01-06,74.4,43144.9652928112,0.999899842197545,,,,,,,,,,0,0,0,0,0,0
2022-01-07,74.27,41512.7845808299,0.999859599649328,,,,,,,,,,0,0,0,0,0,0
2022-01-10,74.06,41816.9510561075,1.00012924897721,,,,,,,,,,0,0,0,0,0,0
2022-01-11,73.81,42768.1786116306,1.0003548100526,,,,,,,,,,0,0,0,0,0,0
2022-01-12,73.77,43961.0265441262,1.00042030391584,,,,,,,,,,0,0,0,0,0,0
2022-01-13,73.96,42626.8653924605,1.00030084161309,,,,,,,,,,0,0,0,0,0,0
2022-01-14,74.08,43102.6476180596,1.00042440677966,,,,,,,,,,0,0,0,0,0,0
2022-01-18,74.56,42431.2319670368,1.0003367182934,,,,,,,,,,0,0,0,0,0,0
2022-01-19,74.39,41787.722012858,1.00030673290473,,,,,,,,,,0,0,0,0,0,0
2022-01-20,74.32,40756.1261630625,1.00010336645237,,,,,,,,,,0,0,0,0,0,0
2022-01-21,74.28,36492.2872241379,1.00023850964348,,,,,,,,,,0,0,0,0,0,0
2022-01-24,74.72,36659.7252206312,1.00037585622443,,,,,,,,,,0,0,0,0,0,0
2022-01-25,74.73,36952.586773232,1.00075486265342,,,,,,,,,,0,0,0,0,0,0
2022-01-26,74.87,36825.8245993571,1.00055465517241,,,,,,,,,,0,0,0,0,0,0
2022-01-27,75.18,37021.9371332554,1.00021588544711,,,,,,,,,,0,0,0,0,0,0
2022-01-28,75.0,37768.8474836353,1.00035086499123,,,,,,,,,,0,0,0,0,0,0
2022-01-31,74.6,38462.6724029807,1.00051172998247,,,,,,,,,,0,0,0,0,0,0
2022-02-01,74.78,38787.9640824079,1.00053040327294,,,,,,,,,,1,0,0,0,0,0
2022-02-02,74.77,36942.3307493279,1.00060610461718,,,,,,,,,,1,0,0,0,0,0
2022-02-03,74.71,37057.6521879018,1.00046953828171,,,,,,,,,,1,0,0,0,0,0
2022-02-04,74.61,41079.9060881356,1.00067632378726,,,,,,,,,,1,0,0,0,0,0
2022-02-07,74.68,43888.980119813,1.00071741087084,,,,,,,,,,1,0,0,0,0,0
2022-02-08,74.71,44167.4447945646,1.00091462302747,,,,,,,,,,1,0,0,0,0,0
2022-02-09,74.8,44405.0732042665,1.00086228521333,,,,,,,,,,1,0,0,0,0,0
2022-02-10,75.07,43614.3426960842,1.00067117475161,,,,,,,,,,1,0,0,0,0,0
2022-02-11,75.34,42357.3217416715,1.0005167270602,,,,,,,,,,1,0,0,0,0,0
2022-02-14,75.63,42646.1618590883,1.00048732028054,,,,,,,,,,1,0,0,0,0,0
2022-02-15,75.2,44511.9084880187,1.00062829924021,,,,,,,,,,1,0,0,0,0,0
2022-02-16,75.03,44065.7092673875,1.00055881355932,,,,,,,,,,1,0,0,0,0,0
2022-02-17,75.02,40610.024261543,1.00059458211572,,,,,,,,,,1,0,0,0,0,0
2022-02-18,74.63,40044.2204856809,1.00051267387493,,,,,,,,,,1,0,0,0,0,0
2022-02-22,74.65,38202.5940818235,1.00048721800117,,,,,,,,,,1,0,0,0,0,0
2022-02-23,74.6,37308.2687344243,1.00049478959673,,,,,,,,,,1,0,0,0,0,0
2022-02-24,75.61,38283.790402104,1.00040320864991,,,,,,,,,,1,0,0,0,0,0
2022-02-25,75.09,39323.7702158387,1.00057270017534,,,,,,,,,,1,0,0,0,0,0
2022-02-28,75.49,43179.2545140269,1.00031610169492,,,,,,,,,,1,0,0,0,0,0
2022-03-01,75.79,44334.457582408,1.0004072063121,,,,,,,,,,1,0,0,0,0,0
2022-03-02,75.61,43984.584926768,1.00034592343659,,,,,,,,,,1,0,0,0,0,0
2022-03-03,75.94,42492.7744552893,1.00012635008767,,,,,,,,,,1,0,0,0,0,0
2022-03-04,76.42,39106.4052159556,1.0002,,,,,,,,,,1,0,0,0,0,0
2022-03-07,76.91,38146.734273232,1.00019584453536,,,,,,,,,,1,0,0,0,0,0
2022-03-08,77.07,38725.477261543,1.00013377264757,,,,,,,,,,1,0,0,0,0,0
2022-03-09,76.36,41989.4028179427,1.00027637931035,,,,,,,,,,1,0,0,0,0,0
2022-03-10,76.37,39482.2584672706,1.00043287843366,,,,,,,,,,1,0,0,0,0,0
2022-03-11,76.48,38825.3644214494,1.000101157218,,,,,,,,,,1,0,0,0,0,0
2022-03-14,76.45,39649.0453243717,1.00011194038574,,,,,,,,,,1,0,0,0,0,0
2022-03-15,76.41,39356.8139000584,1.00031762127411,,,,,,,,,,1,0,0,0,0,0
2022-03-16,76.17,41101.768579135,1.000304050263,,,,,,,,,,1,0,0,0,0,0
2022-03-17,75.94,40966.4169324956,1.00051220338983,,,,,,,,,,1,0,0,0,0,0
2022-03-18,76.03,41826.1160710111,1.00059862653419,,,,,,,,,,1,0,0,0,0,0
2022-03-21,76.19,41064.429648159,1.00038327586207,,,,,,,,,,1,0,0,0,0,0
2022-03-22,76.06,42383.169518761,1.00042503555924,,,,,,,,,,1,0,0,0,0,0
2022-03-23,76.46,42734.2000355932,1.00041562244302,,,,,,,,,,1,0,0,0,0,0
2022-03-24,76.18,43974.5935882525,1.00048900642899,,,,,,,,,,1,0,0,0,0,0
2022-03-25,76.25,44347.034279661,1.00041651665693,,,,,,,,,,1,0,0,0,0,0
2022-03-28,76.06,47223.6528860316,1.0004598100526,,,,,,,,,,1,0,0,0,0,0
2022-03-29,75.58,47463.7096770894,1.00040499707773,,,,,,,,,,1,0,0,0,0,0
2022-03-30,75.76,47123.2971478667,1.00030252483928,,,,,,,,,,1,0,0,0,0,0
2022-03-31,75.87,45562.2106665693,1.00031809760374,,,,,,,,,,1,0,0,0,0,0
2022-04-01,75.96,46250.3362878434,1.0003451899474,,,,,,,,,,1,1,0,0,0,0
2022-04-04,75.42,46663.0041770894,1.00022372881356,,,,,,,,,,1,1,0,0,0,0
2022-04-05,75.31,45693.0350619521,1.00017312098188,,,,,,,,,,1,1,0,0,0,0
2022-04-06,75.92,43304.9371990064,1.00008942723553,,,,,,,,,,1,1,0,0,0,0
2022-04-07,75.9,43569.0471697837,1.00008180011689,,,,,,,,,,1,1,0,0,0,0
2022-04-08,75.93,42222.0689772063,1.00020920222092,,,,,,,,,,1,1,0,0,0,0
2022-04-11,75.85,39544.0251835184,1.0001843220339,,,,,,,,,,1,1,0,0,0,0
2022-04-12,76.02,40096.3669748685,1.0001843220339,,,,,,,,,,1,1,0,0,0,0
2022-04-13,76.14,41152.7554517826,1.00013887492694,,,,,,,,,,1,1,0,0,0,0
2022-04-14,76.19,39916.4963842782,1.00009090005845,,,,,,,,,,1,1,0,0,0,0
2022-04-15,76.32,40527.3319567504,1.00011488603156,,,,,,,,,,1,1,0,0,0,0
2022-04-18,76.22,40818.8786025716,1.00012014903565,,,,,,,,,,1,1,0,0,0,0
2022-04-19,76.39,41489.6638011689,1.00015649912332,,,,,,,,,,1,1,0,0,0,0
2022-04-20,76.24,41395.64458346,1.00019731735827,,,,,,,,,,1,1,0,0,0,0
2022-04-21,76.23,40457.4959418469,1.00016296610169,,,,,,,,,,1,1,0,0,0,0
2022-04-22,76.49,39737.9735040912,1.00012293395675,,,,,,,,,,1,1,0,0,0,0
2022-04-25,76.72,40473.7483176505,1.00009521332554,,,,,,,,,,1,1,0,0,0,0
2022-04-26,76.61,38072.800873758,1.00002667153711,,,,,,,,,,1,1,0,0,0,0
2022-04-27,76.61,39218.5376174752,1.00003771186441,,,,,,,,,,1,1,0,0,0,0
2022-04-28,76.66,39747.9894270018,1.00004029514904,,,,,,,,,,1,1,0,0,0,0
2022-04-29,76.48,38609.5059070719,1.00002992986558,,,,,,,,,,1,1,0,0,0,0
2022-05-02,76.49,38566.0628877849,0.999899684395091,,,,,,,,,,1,1,0,0,0,0
2022-05-03,76.49,37704.4053153127,0.999807156633548,,,,,,,,,,1,1,0,0,0,0
2022-05-04,76.24,39641.852176505,0.999809731151374,,,,,,,,,,1,1,0,0,0,0
2022-05-05,76.54,36502.0245601403,0.999703509643484,,,,,,,,,,1,1,0,0,0,0
2022-05-06,76.9,36042.9995584453,0.999799579193455,,,,,,,,,,1,1,0,0,0,0
2022-05-09,77.45,30457.9218194039,0.999706206896552,,,,,,,,,,1,1,0,0,0,0
2022-05-10,77.31,30990.7351659848,0.999573644067797,,,,,,,,,,1,1,0,0,0,0
2022-05-11,77.28,28796.5568217417,0.995427402104033,,,,,,,,,,1,1,0,0,0,0
2022-05-12,77.39,29030.7070417884,0.997241022793688,,,,,,,,,,1,1,0,0,0,0
2022-05-13,77.42,29285.9346718293,0.998283696668615,,,,,,,,,,1,1,0,0,0,0
2022-05-16,77.82,29889.6124757452,0.998619728229106,,,,,,,,,,1,1,0,0,0,0
2022-05-17,77.46,30438.1944476914,0.998755230859147,,,,,,,,,,1,1,0,0,0,0
2022-05-18,77.71,28771.2204786675,0.998682849210988,,,,,,,,,,1,1,0,0,0,0
2022-05-19,77.45,30257.8852483928,0.998921612799533,,,,,,,,,,1,1,0,0,0,0
2022-05-20,77.79,29224.245998422,0.99874092402104,,,,,,,,,,1,1,0,0,0,0
2022-05-23,77.51,29088.2515419638,0.998906817066043,,,,,,,,,,1,1,0,0,0,0
2022-05-24,77.5,29643.6837556984,0.99867027761543,,,,,,,,,,1,1,0,0,0,0
2022-05-25,77.58,29577.259880187,0.998869806838106,,,,,,,,,,1,1,0,0,0,0
2022-05-26,77.66,29332.4860467563,0.998815843950906,,,,,,,,,,1,1,0,0,0,0
2022-05-27,77.58,28612.0413103448,0.998776106370544,,,,,,,,,,1,1,0,0,0,0
2022-05-31,77.59,31831.4095251315,0.999197267095266,,,,,,,,,,1,1,0,0,0,0
2022-06-01,77.59,29825.9221992987,0.999087658971362,,,,,,,,,,1,1,0,0,0,0
2022-06-02,77.41,30504.2679997078,0.999266902396259,,,,,,,,,,1,1,0,0,0,0
2022-06-03,77.59,29662.6709708942,0.998992578024547,,,,,,,,,,1,1,0,0,0,0
2022-06-06,77.83,31333.6770197545,0.99916268264173,,,,,,,,,,1,1,0,0,0,0
2022-06-07,77.66,31175.0324289889,0.999333312682642,,,,,,,,,,1,1,0,0,0,0
2022-06-08,77.65,30228.464698422,0.999242428988895,,,,,,,,,,1,1,0,0,0,0
2022-06-09,77.84,30064.4855289305,0.999144908240795,,,,,,,,,,1,1,0,0,0,0
2022-06-10,78.08,29070.4000300994,0.998864073056692,,,,,,,,,,1,1,0,0,0,0
2022-06-13,78.08,22316.2570400351,0.998483649327878,,,,,,,,,,1,1,0,0,0,0
2022-06-14,78.01,22072.8663085915,0.998815488603156,,,,,,,,,,1,1,0,0,0,0
2022-06-15,78.12,22520.7910087668,0.998752169491526,,,,,,,,,,1,1,0,0,0,0
2022-06-16,78.0,20310.1769848042,0.998626075978959,,,,,,,,,,1,1,0,0,0,0
2022-06-17,78.0,20464.9290873174,0.998816950905903,,,,,,,,,,1,1,0,0,0,0
2022-06-21,78.08,20688.4651312098,0.999000983050847,,,,,,,,,,1,1,0,0,0,0
2022-06-22,78.21,20003.1683375219,0.998840946230275,,,,,,,,,,1,1,0,0,0,0
2022-06-23,78.14,21097.1028331385,0.999067355932203,,,,,,,,,,1,1,0,0,0,0
2022-06-24,78.25,21299.0769853887,0.999218159263588,,,,,,,,,,1,1,0,0,0,0
2022-06-27,78.45,20751.0516960842,0.998980449736996,,,,,,,,,,1,1,0,0,0,0
2022-06-28,78.97,20263.2196393922,0.998765127995324,,,,,,,,,,1,1,0,0,0,0
2022-06-29,78.91,20080.9480864991,0.998741495908825,,,,,,,,,,1,1,0,0,0,0
2022-06-30,79.02,19332.9121294565,0.998747609585038,,,,,,,,,,1,1,0,0,0,0
2022-07-01,78.89,19341.8631240795,0.998763371127995,,,,,,,,,,1,1,1,0,0,0
2022-07-05,79.27,20193.3427938048,0.998948976329632,,,,,,,,,,1,1,1,0,0,0
2022-07-06,79.02,20560.8438126826,0.99896282729398,,,,,,,,,,1,1,1,0,0,0
2022-07-07,79.12,21651.4191423144,0.999203497369959,,,,,,,,,,1,1,1,0,0,0
2022-07-08,79.25,21813.7871239042,0.999450041788428,,,,,,,,,,1,1,1,0,0,0
2022-07-11,79.46,19971.3294704851,0.999058950905903,,,,,,,,,,1,1,1,0,0,0
2022-07-12,79.45,19339.1534734074,0.99893769345412,,,,,,,,,,1,1,1,0,0,0
2022-07-13,79.68,20155.5278386908,0.999096417299824,,,,,,,,,,1,1,1,0,0,0
2022-07-14,79.94,20552.8990289304,0.999260488895383,,,,,,,,,,1,1,1,0,0,0
2022-07-15,79.74,20831.722700526,0.999791982466394,,,,,,,,,,1,1,1,0,0,0
2022-07-18,79.99,22305.7066428989,0.999813016949152,,,,,,,,,,1,1,1,0,0,0
2022-07-19,79.88,23371.2026601403,1.00004117066043,,,,,,,,,,1,1,1,0,0,0
2022-07-20,79.96,23280.9356680304,1.00012298217417,,,,,,,,,,1,1,1,0,0,0
2022-07-21,79.85,23152.4093112215,1.0000734050263,,,,,,,,,,1,1,1,0,0,0
2022-07-22,79.83,22706.0835554646,1.00007986937463,,,,,,,,,,1,1,1,0,0,0
2022-07-25,79.79,21510.1255874342,1.00007631092928,,,,,,,,,,1,1,1,0,0,0
2022-07-26,79.82,21181.6591967855,1.0001007761543,,,,,,,,,,1,1,1,0,0,0
2022-07-27,79.92,22898.4150683226,1.00027003331385,,,,,,,,,,1,1,1,0,0,0
2022-07-28,79.64,23838.5568838691,1.00021397077732,,,,,,,,,,1,1,1,0,0,0
2022-07-29,79.33,23950.7403798948,1.00035429193454,,,,,,,,,,1,1,1,0,0,0
2022-08-01,78.93,23331.4426969608,1.00032997194623,,,,,,,,,,1,1,1,0,0,0
2022-08-02,78.49,23031.4268834015,1.00019834015196,,,,,,,,,,1,1,1,0,0,0
2022-08-03,79.13,22809.7474418469,1.00021895265926,,,,,,,,,,1,1,1,0,0,0
2022-08-04,79.23,22628.3320821157,1.00009184248977,,,,,,,,,,1,1,1,0,0,0
2022-08-05,79.36,23248.9715023378,1.00009213237873,,,,,,,,,,1,1,1,0,0,0
2022-08-08,79.58,23803.6505154296,1.00019397749854,,,,,,,,,,1,1,1,0,0,0
2022-08-09,79.65,23186.2917464641,1.0002523635301,,,,,,,,,,1,1,1,0,0,0
2022-08-10,79.07,23923.0584830508,1.00028672004676,,,,,,,,,,1,1,1,0,0,0
2022-08-11,79.54,23934.4390561075,1.00038338661601,,,,,,,,,,1,1,1,0,0,0
2022-08-12,79.65,24396.3088462887,1.00048501928697,,,,,,,,,,1,1,1,0,0,0
2022-08-15,79.48,24083.9539748685,1.00018344097019,,,,,,,,,,1,1,1,0,0,0
2022-08-16,79.31,23868.8193530099,1.0000987314436,,,,,,,,,,1,1,1,0,0,0
2022-08-17,79.41,23336.3489310345,1.00008572326125,,,,,,,,,,1,1,1,0,0,0
2022-08-18,79.66,23221.1706028638,1.00005084891876,,,,,,,,,,1,1,1,0,0,0
2022-08-19,79.89,20906.7663141438,1.00004628345996,,,,,,,,,,1,1,1,0,0,0
2022-08-22,79.86,21301.0840581531,0.999917331969608,,,,,,,,,,1,1,1,0,0,0
2022-08-23,79.81,21534.5143521333,1.00002430450029,,,,,,,,,,1,1,1,0,0,0
2022-08-24,79.82,21424.9728232028,1.00000810549386,,,,,,,,,,1,1,1,0,0,0
2022-08-25,79.9,21587.8395844535,1.00001886849795,,,,,,,,,,1,1,1,0,0,0
2022-08-26,79.87,20246.1655733489,1.00005668439509,,,,,,,,,,1,1,1,0,0,0
2022-08-29,79.96,20270.960383986,0.999966928112215,,,,,,,,,,1,1,1,0,0,0
2022-08-30,79.6,19825.4632066043,1.00009610344828,,,,,,,,,,1,1,1,0,0,0
2022-08-31,79.45,20024.6716059614,0.999950238457043,,,,,,,,,,1,1,1,0,0,0
2022-09-01,79.65,20105.4626072472,0.99998728024547,,,,,,,,,,1,1,1,0,0,0
2022-09-02,79.7,19948.8567472823,1.00007763033314,,,,,,,,,,1,1,1,0,0,0
2022-09-06,79.86,18846.150537405,1.00002111542957,,,,,,,,,,1,1,1,0,0,0
2022-09-07,79.82,19292.9070745178,1.000022871128,,,,,,,,,,1,1,1,0,0,0
2022-09-08,79.71,19319.1248512566,1.00012943424898,,,,,,,,,,1,1,1,0,0,0
2022-09-09,79.61,21363.3136152542,1.00031091350088,,,,,,,,,,1,1,1,0,0,0
2022-09-12,79.35,22365.2145601987,1.00018981589714,,,,,,,,,,1,1,1,0,0,0
2022-09-13,79.49,20165.0421607247,1.00001779339567,,,,,,,,,,1,1,1,0,0,0
2022-09-14,79.41,20246.3660424313,1.00017332700175,,,,,,,,,,1,1,1,0,0,0
2022-09-15,79.82,19696.8698661601,0.999921603740503,,,,,,,,,,1,1,1,0,0,0
2022-09-16,79.66,19741.5776168907,0.999957728813559,,,,,,,,,,1,1,1,0,0,0
2022-09-19,79.71,19557.9769582116,1.00015462244302,,,,,,,,,,1,1,1,0,0,0
2022-09-20,79.72,18872.9498667446,0.999985560198714,,,,,,,,,,1,1,1,0,0,0
2022-09-21,79.96,18506.7607481005,1.00000699210988,,,,,,,,,,1,1,1,0,0,0
2022-09-22,81.0,19414.5396449445,0.999960995324372,,,,,,,,,,1,1,1,0,0,0
2022-09-23,81.11,19326.8648199883,0.999912259205143,,,,,,,,,,1,1,1,0,0,0
2022-09-26,81.6,19201.1317209234,0.999981795149036,,,,,,,,,,1,1,1,0,0,0
2022-09-27,81.63,19106.7389135009,0.999949208065459,,,,,,,,,,1,1,1,0,0,0
2022-09-28,81.61,19454.937210111,0.999951724430158,,,,,,,,,,1,1,1,0,0,0
2022-09-29,81.54,19540.8664105786,1.00006211075395,,,,,,,,,,1,1,1,0,0,0
2022-09-30,81.37,19435.1946917008,1.00005721537113,,,,,,,,,,1,1,1,0,0,0
2022-10-03,81.56,19633.4325859147,1.00013851899474,,,,,,,,,,1,1,1,0,0,0
2022-10-04,81.45,20339.9712811221,1.00030165225015,,,,,,,,,,1,1,1,0,0,0
2022-10-05,81.5,20155.0996987142,1.00016966949153,,,,,,,,,,1,1,1,0,0,0
2022-10-06,82.06,19950.5477957335,1.00014462244302,,,,,,,,,,1,1,1,0,0,0
2022-10-07,82.32,19539.1439216832,1.00010878462887,,,,,,,,,,1,1,1,0,0,0
2022-10-11,82.22,19039.2820683811,0.999865748977206,,,,,,,,,,1,1,1,0,0,0
2022-10-12,82.25,19156.9115645821,0.999986802454705,,,,,,,,,,1,1,1,0,0,0
2022-10-13,82.28,19387.8336806546,1.00009304997078,,,,,,,,,,1,1,1,0,0,0
2022-10-14,82.28,19177.6941031561,1.00003835856224,,,,,,,,,,1,1,1,0,0,0
2022-10-17,82.16,19557.0218106371,1.00003723202805,,,,,,,,,,1,1,1,0,0,0
2022-10-18,82.29,19341.4075543542,1.00006538106371,,,,,,,,,,1,1,1,0,0,0
2022-10-19,82.95,19132.1544254822,1.00004608825248,,,,,,,,,,1,1,1,0,0,0
2022-10-20,82.66,19033.3760239626,0.999929052600819,,,,,,,,,,1,1,1,0,0,0
2022-10-21,82.58,19174.8763487434,1.00003423553477,,,,,,,,,,1,1,1,0,0,0
2022-10-24,82.68,19341.460210111,1.00003284833431,,,,,,,,,,1,1,1,0,0,0
2022-10-25,82.44,20094.9611215663,1.00024347632963,,,,,,,,,,1,1,1,0,0,0
2022-10-26,82.73,20797.0308258328,1.00022438077148,,,,,,,,,,1,1,1,0,0,0
2022-10-27,82.36,20280.1751280538,1.00007363120982,,,,,,,,,,1,1,1,0,0,0
2022-10-28,82.33,20604.6138535944,1.00020603389831,,,,,,,,,,1,1,1,0,0,0
2022-10-31,82.73,20490.8581808884,0.999945839275278,,,,,,,,,,1,1,1,0,0,0
2022-11-01,82.62,20483.966530976,0.999883448568089,,,,,,,,,,1,1,1,0,0,0
2022-11-02,82.72,20148.2845537697,0.999951677089421,,,,,,,,,,1,1,1,0,0,0
2022-11-03,82.76,20198.1111860316,0.999979868205728,,,,,,,,,,1,1,1,0,0,0
2022-11-04,82.03,21157.2449275278,1.00008160490941,,,,,,,,,,1,1,1,0,0,0
2022-11-07,81.95,20568.5651183518,1.00003994769141,,,,,,,,,,1,1,1,0,0,0
2022-11-08,81.27,18520.971163647,1.00130880014601,,,,,,,,,,1,1,1,0,0,0
2022-11-09,81.25,15758.2912819988,0.998062928404442,,,,,,,,,,1,1,1,0,0,0
2022-11-10,80.72,17541.5602866745,0.997384276154296,,,,,,,,,,1,1,1,0,0,0
2022-11-14,80.98,16629.4784146698,0.998498019286967,,,,,,,,,,1,1,1,0,0,0
2022-11-15,80.94,16855.59378609,0.998730137931034,,,,,,,,,,1,1,1,0,0,0
2022-11-16,81.46,16659.6063345996,0.999091971361777,,,,,,,,,,1,1,1,0,0,0
2022-11-17,81.69,16675.1790204559,0.999190820572764,,,,,,,,,,1,1,1,0,0,0
2022-11-18,81.76,16661.5229576271,0.998747658094681,,,,,,,,,,1,1,1,0,0,0
2022-11-21,81.68,15778.0174047341,0.998779508766803,,,,,,,,,,1,1,1,0,0,0
2022-11-22,81.69,16172.8893445354,0.998686142022209,,,,,,,,,,1,1,1,0,0,0
2022-11-23,81.71,16574.0617299825,0.998887381355932,,,,,,,,,,1,1,1,0,0,0
2022-11-25,81.73,16522.3887767388,0.999403997369959,,,,,,,,,,1,1,1,0,0,0
2022-11-28,81.61,16212.5814161309,0.999565950905903,,,,,,,,,,1,1,1,0,0,0
2022-11-29,81.61,16443.0368199883,0.999667922559906,,,,,,,,,,1,1,1,0,0,0
2022-11-30,81.43,17176.8986914085,1.00011047545295,,,,,,,,,,1,1,1,0,0,0
2022-12-01,81.17,16961.2918042081,1.00006830187025,,,,,,,,,,1,1,1,0,0,0
2022-12-02,81.41,17075.1091370544,1.00005607627119,,,,,,,,,,1,1,1,0,0,0
2022-12-05,81.77,16961.3517866745,1.0000076899474,,,,,,,,,,1,1,1,0,0,0
2022-12-06,82.42,17070.5158281707,0.999975151373466,,,,,,,,,,1,1,1,0,0,0
2022-12-07,82.31,16848.2518243717,1.00001546142607,,,,,,,,,,1,1,1,0,0,0
2022-12-08,82.29,17231.4563223261,1.0000768918761,,,,,,,,,,1,1,1,0,0,0
2022-12-09,82.46,17136.1490008767,1.00002043045003,,,,,,,,,,1,1,1,0,0,0
2022-12-12,82.67,17195.5249962011,1.00008699181765,,,,,,,,,,1,1,1,0,0,0
2022-12-13,82.49,17774.9166320865,0.999790784336645,,,,,,,,,,1,1,1,0,0,0
2022-12-14,82.5,17809.7240835769,1.00007950613676,,,,,,,,,,1,1,1,0,0,0
2022-12-15,82.75,17344.0544569258,1.00001800672122,,,,,,,,,,1,1,1,0,0,0
2022-12-16,82.71,16606.1101750438,1.00006929047341,,,,,,,,,,1,1,1,0,0,0
2022-12-19,82.65,16424.1313857393,0.999993400935126,,,,,,,,,,1,1,1,0,0,0
2022-12-20,82.58,16901.8169362946,1.00003338223261,,,,,,,,,,1,1,1,0,0,0
2022-12-21,82.81,16800.5329707773,1.00002222501461,,,,,,,,,,1,1,1,0,0,0
2022-12-22,82.93,16814.2225791935,0.999842594389246,,,,,,,,,,1,1,1,0,0,0
2022-12-23,82.86,16780.5169798363,0.999940541788428,,,,,,,,,,1,1,1,0,0,0
2022-12-27,82.88,16698.9112708942,0.999573914669784,,,,,,,,,,1,1,1,0,0,0
2022-12-28,82.74,16536.2942001753,0.999486649327879,,,,,,,,,,1,1,1,0,0,0
2022-12-29,82.83,16630.5931551724,0.999541841613092,,,,,,,,,,1,1,1,0,0,0
2022-12-30,82.72,16593.6888287551,0.999494530099357,,,,,,,,,,1,1,1,0,0,0
2023-01-03,82.86,16670.0773836937,0.999595675920514,,,,,,,,,,1,1,1,0,0,0
2023-01-04,82.72,16848.3660391584,0.999677485973115,,,,,,,,,,1,1,1,0,0,0
2023-01-05,82.57,16824.8001826417,0.999631245470485,,,,,,,,,,1,1,1,0,0,0
2023-01-06,82.72,16957.8622738165,0.99971698100526,,,,,,,,,,1,1,1,0,0,0
2023-01-09,82.36,17182.3198521333,1.00000224605494,,,,,,,,,,1,1,1,0,0,0
2023-01-10,81.6,17433.9146320865,1.00014332086499,,,,,,,,,,1,1,1,0,0,0
2023-01-11,81.6,17833.7107656341,0.999879669783752,,,,,,,,,,1,1,1,0,0,0
2023-01-12,81.19,18869.7044842198,1.00010669374635,,,,,,,,,,1,1,1,0,0,0
2023-01-13,81.31,19868.7247454705,1.0001013798948,,,,,,,,,,1,1,1,0,0,0
2023-01-17,81.57,21178.2993962595,1.00012064289889,,,,,,,,,,1,1,1,0,0,0
2023-01-18,81.33,20709.6686040327,0.999985665692577,,,,,,,,,,1,1,1,0,0,0
2023-01-19,81.28,21071.8334152542,1.00002373991818,,,,,,,,,,1,1,1,0,0,0
2023-01-20,80.99,22660.7169421391,1.00015859555815,,,,,,,,,,1,1,1,0,0,0
2023-01-23,81.41,22929.0248936295,1.00012253769725,,,,,,,,,,1,1,1,0,0,0
2023-01-24,81.53,22611.1268787259,1.00010436206897,,,,,,,,,,1,1,1,0,0,0
2023-01-25,81.49,23109.0845189947,1.00017464436002,,,,,,,,,,1,1,1,0,0,0
2023-01-26,81.59,23008.6894766219,1.00005334658095,,,,,,,,,,1,1,1,0,0,0
2023-01-27,81.54,23070.4964582116,1.00037343717124,,,,,,,,,,1,1,1,0,0,0
2023-01-30,81.47,22799.427261543,1.00007394506137,,,,,,,,,,1,1,1,0,0,0
2023-01-31,81.69,23130.0519132087,1.0000275327294,,,,,,,,,,1,1,1,0,0,0
2023-02-01,81.73,23727.2026075395,1.00006082028054,,,,,,,,,,1,1,1,0,0,0
2023-02-02,82.03,23505.6048430742,1.00015585505552,,,,,,,,,,1,1,1,0,0,0
2023-02-03,82.21,23445.8131773816,1.00008024693162,,,,,,,,,,1,1,1,0,0,0
2023-02-06,82.77,22745.1650371128,1.00004485797779,,,,,,,,,,1,1,1,0,0,0
2023-02-07,82.81,23266.2692036821,1.00003534541204,,,,,,,,,,1,1,1,0,0,0
2023-02-08,82.65,22937.5799453536,1.00000788077148,,,,,,,,,,1,1,1,0,0,0
2023-02-09,82.44,21818.1989456458,1.0000815075979,,,,,,,,,,1,1,1,0,0,0
2023-02-10,82.47,21620.5667837522,1.00013026680304,,,,,,,,,,1,1,1,0,0,0
2023-02-13,82.72,21798.7157168323,1.00065723641146,,,,,,,,,,1,1,1,0,0,0
2023-02-14,82.86,22222.415043834,1.00024291291642,,,,,,,,,,1,1,1,0,0,0
2023-02-15,82.78,24304.6129827586,1.00015979105786,,,,,,,,,,1,1,1,0,0,0
2023-02-16,82.74,23742.4488354763,1.00009443424898,,,,,,,,,,1,1,1,0,0,0
2023-02-17,82.73,24607.3356054939,1.00013240151958,,,,,,,,,,1,1,1,0,0,0
2023-02-21,82.85,24400.3893898305,1.00013917416715,,,,,,,,,,1,1,1,0,0,0
2023-02-22,82.78,24163.7389812975,1.00004554997078,,,,,,,,,,1,1,1,0,0,0
2023-02-23,82.59,23910.0342104033,1.00017807597896,,,,,,,,,,1,1,1,0,0,0
2023-02-24,82.97,23175.8242036821,1.00002630829924,,,,,,,,,,1,1,1,0,0,0
2023-02-27,82.69,23504.1894178843,1.00005394886032,,,,,,,,,,1,1,1,0,0,0
2023-02-28,82.57,23145.9491277031,1.00015071244886,,,,,,,,,,1,1,1,0,0,0
2023-03-01,82.43,23610.6590902981,1.00013140853302,,,,,,,,,,1,1,1,0,0,0
2023-03-02,82.41,23470.0254815897,1.00007304091175,,,,,,,,,,1,1,1,0,0,0
2023-03-03,81.98,22350.0962340736,1.00009498158971,,,,,,,,,,1,1,1,0,0,0
2023-03-06,81.77,22414.7033056692,0.999938059029807,,,,,,,,,,1,1,1,0,0,0
2023-03-07,81.93,22174.6484725307,0.999970684979544,,,,,,,,,,1,1,1,0,0,0
2023-03-08,81.86,21701.3846227352,0.999860987142022,,,,,,,,,,1,1,1,0,0,0
2023-03-09,82.02,20349.8141732905,0.999989670368206,,,,,,,,,,1,1,1,0,0,0
2023-03-10,81.93,20240.406694623,1.00373795499708,,,,,,,,,,1,1,1,0,0,0
2023-03-13,82.19,24154.4290946815,1.00417311864407,,,,,,,,,,1,1,1,0,0,0
2023-03-14,82.25,24769.0175691409,1.00354137288136,,,,,,,,,,1,1,1,0,0,0
2023-03-15,82.84,24409.8017518995,1.00389937171245,,,,,,,,,,1,1,1,0,0,0
2023-03-16,82.63,25043.2388468732,1.00221291077465,,,,,,,,,,1,1,1,0,0,0
2023-03-17,82.56,27450.6282933957,1.00239039801286,,,,,,,,,,1,1,1,0,0,0
2023-03-20,82.55,27834.3361090006,1.00292723056692,,,,,,,,,,1,1,1,0,0,0
2023-03-21,82.59,28172.7950558153,1.0025724257744,,,,,,,,,,1,1,1,0,0,0
2023-03-22,82.66,27341.5571297487,1.00246603565167,,,,,,,,,,1,1,1,0,0,0
2023-03-23,82.07,28387.8897495617,1.00161175832846,,,,,,,,,,1,1,1,0,0,0
2023-03-24,82.34,27464.1249453536,1.00115581122151,,,,,,,,,,1,1,1,0,0,0
2023-03-27,82.24,27154.9963702513,1.00038980596143,,,,,,,,,,1,1,1,0,0,0
2023-03-28,82.17,27283.9634029807,1.00025473991818,,,,,,,,,,1,1,1,0,0,0
2023-03-29,82.18,28389.2917784921,1.00018832144944,,,,,,,,,,1,1,1,0,0,0
2023-03-30,82.34,28021.5583009936,1.00006816306254,,,,,,,,,,1,1,1,0,0,0
2023-03-31,82.19,28514.6813062537,1.00024253243717,,,,,,,,,,1,1,1,0,0,0
2023-04-03,82.24,27850.9799436002,1.0002401616014,,,,,,,,,,1,1,1,0,0,0
2023-04-04,82.33,28113.9585187025,1.00033728521333,,,,,,,,,,1,1,1,0,0,0
2023-04-05,81.89,28190.3116063705,1.00011167942724,,,,,,,,,,1,1,1,0,0,0
2023-04-06,81.86,28049.0744763296,1.00043718381064,,,,,,,,,,1,1,1,0,0,0
2023-04-07,81.85,27936.8042609585,1.00057626358854,,,,,,,,,,1,1,1,0,0,0
2023-04-10,82.01,29687.5651846873,1.00071869023963,,,,,,,,,,1,1,1,0,0,0
2023-04-11,82.04,30247.0959193454,1.00092653097604,,,,,,,,,,1,1,1,0,0,0
2023-04-12,81.98,29913.0035463472,1.00046208445354,,,,,,,,,,1,1,1,0,0,0
2023-04-13,81.65,30370.82207218,1.00103973670368,,,,,,,,,,1,1,1,0,0,0
2023-04-14,81.88,30458.9700414962,1.00088480807691,,,,,,,,,,1,1,1,0,0,0
2023-04-17,81.98,29469.5050727645,1.00063184336645,,,,,,,,,,1,1,1,0,0,0
2023-04-18,82.08,30366.8723813559,1.00029500555231,,,,,,,,,,1,1,1,0,0,0
2023-04-19,82.18,28796.7440952659,1.00047550496786,,,,,,,,,,1,1,1,0,0,0
2023-04-20,82.1,28251.2763790181,1.00008704792519,,,,,,,,,,1,1,1,0,0,0
2023-04-21,82.06,27292.0211052016,0.999877599649328,,,,,,,,,,1,1,1,0,0,0
2023-04-24,81.9,27520.1996729982,1.00004161747516,,,,,,,,,,1,1,1,0,0,0
2023-04-25,81.92,28302.6942180012,1.00017099620105,,,,,,,,,,1,1,1,0,0,0
2023-04-26,81.74,28384.2340333139,1.00040241905319,,,,,,,,,,1,1,1,0,0,0
2023-04-27,81.84,29465.5514272355,1.0002852182934,,,,,,,,,,1,1,1,0,0,0
2023-04-28,81.84,29350.811886616,1.00068584307423,,,,,,,,,,1,1,1,0,0,0
2023-05-01,81.84,28114.9531873174,1.00021033852883,,,,,,,,,,1,1,1,0,0,0
2023-05-02,81.89,28690.5809959088,1.00052125511397,,,,,,,,,,1,1,1,0,0,0
2023-05-03,81.83,29045.0427735243,1.00022968527177,,,,,,,,,,1,1,1,0,0,0
2023-05-04,81.73,28855.8574465225,1.00044562478083,,,,,,,,,,1,1,1,0,0,0
2023-05-05,81.81,29552.9695236704,1.00103014260666,,,,,,,,,,1,1,1,0,0,0
2023-05-08,81.78,27727.2854091175,1.00083031589714,,,,,,,,,,1,1,1,0,0,0
2023-05-09,82.04,27642.4281092928,1.00047193541788,,,,,,,,,,1,1,1,0,0,0
2023-05-10,81.94,27646.004902104,1.00077838924605,,,,,,,,,,1,1,1,0,0,0
2023-05-11,82.13,26986.271065751,1.00039772939801,,,,,,,,,,1,1,1,0,0,0
2023-05-12,82.17,26773.3443591467,1.00048512916423,,,,,,,,,,1,1,1,0,0,0
2023-05-15,82.3,27231.6216052016,1.0002332773232,,,,,,,,,,1,1,1,0,0,0
2023-05-16,82.26,27025.7181864407,1.00007078725891,,,,,,,,,,1,1,1,0,0,0
2023-05-17,82.39,27401.0440610754,1.00006015312683,,,,,,,,,,1,1,1,0,0,0
2023-05-18,82.77,26843.2350938048,0.999995546756283,,,,,,,,,,1,1,1,0,0,0
2023-05-19,82.65,26889.503631502,1.00018727118644,,,,,,,,,,1,1,1,0,0,0
2023-05-22,82.83,26858.7370637054,1.00019167329047,,,,,,,,,,1,1,1,0,0,0
2023-05-23,82.84,27226.8558763881,1.00003114465225,,,,,,,,,,1,1,1,0,0,0
2023-05-24,82.66,26341.4306446522,0.99993821975453,,,,,,,,,,1,1,1,0,0,0
2023-05-25,82.76,26484.8359234366,1.00003656954997,,,,,,,,,,1,1,1,0,0,0
2023-05-26,82.58,26720.3838071303,1.00029710227937,,,,,,,,,,1,1,1,0,0,0
2023-05-30,82.67,27712.4915844535,1.00013956107539,,,,,,,,,,1,1,1,0,0,0
2023-05-31,82.68,27217.6832580362,1.0002385905903,,,,,,,,,,1,1,1,0,0,0
2023-06-01,82.41,26825.3713451198,1.00005592635885,,,,,,,,,,1,1,1,0,0,0
2023-06-02,82.35,27255.2279941555,1.00031179953244,,,,,,,,,,1,1,1,0,0,0
2023-06-05,82.67,25785.8514842198,1.00024092781999,,,,,,,,,,1,1,1,0,0,0
2023-06-06,82.61,27213.7705187025,1.00021128725891,,,,,,,,,,1,1,1,0,0,0
2023-06-07,82.5,26339.5790292227,1.0000932980713,,,,,,,,,,1,1,1,0,0,0
2023-06-08,82.57,26521.693600526,1.00018695938048,,,,,,,,,,1,1,1,0,0,0
2023-06-09,82.46,26470.6775780245,0.999989247808299,,,,,,,,,,1,1,1,0,0,0
2023-06-12,82.43,25906.7519354179,1.00002281911163,,,,,,,,,,1,1,1,0,0,0
2023-06-13,82.38,25880.8599734074,0.99977975862069,,,,,,,,,,1,1,1,0,0,0
2023-06-14,82.1,25097.5853796026,0.999832469023963,,,,,,,,,,1,1,1,0,0,0
2023-06-15,82.18,25559.1433293396,0.999052614260666,,,,,,,,,,1,1,1,0,0,0
2023-06-16,81.89,26331.8200943892,0.999287987142022,,,,,,,,,,1,1,1,0,0,0
2023-06-20,82.11,28305.4204573349,1.00018619316189,,,,,,,,,,1,1,1,0,0,0
2023-06-21,82.04,30099.5153509643,0.99998752980713,,,,,,,,,,1,1,1,0,0,0
2023-06-22,81.93,29952.5112866745,1.00008731209819,,,,,,,,,,1,1,1,0,0,0
2023-06-23,82.01,30638.3537644652,1.00056012624196,,,,,,,,,,1,1,1,0,0,0
2023-06-26,82.0,30255.8861241964,1.00007508854471,,,,,,,,,,1,1,1,0,0,0
2023-06-27,81.98,30667.0762948568,1.00013706195207,,,,,,,,,,1,1,1,0,0,0
2023-06-28,82.0,30104.0432717709,0.99994093308007,,,,,,,,,,1,1,1,0,0,0
2023-06-29,82.05,30460.792978083,0.999879753360608,,,,,,,,,,1,1,1,0,0,0
2023-06-30,82.06,30484.503257744,0.999807894798364,,,,,,,,,,1,1,1,0,0,0
2023-07-03,81.96,31135.3575993571,1.00002113150205,,,,,,,,,,1,1,1,0,0,0
2023-07-05,82.34,30497.8221282876,0.999993314436002,,,,,,,,,,1,1,1,0,0,0
2023-07-06,82.49,29979.7298094681,0.99997030654588,,,,,,,,,,1,1,1,0,0,0
2023-07-07,82.74,30329.8829786674,1.00011382057276,,,,,,,,,,1,1,1,0,0,0
2023-07-10,82.57,30394.6555806546,1.00013171098773,,,,,,,,,,1,1,1,0,0,0
2023-07-11,82.39,30616.247094097,1.00004516627703,,,,,,,,,,1,1,1,0,0,0
2023-07-12,82.03,30385.6087852133,0.999950958796026,,,,,,,,,,1,1,1,0,0,0
2023-07-13,82.04,31434.7354704851,1.00031153156049,,,,,,,,,,1,1,1,0,0,0
2023-07-14,82.16,30310.6720204559,1.00050584921099,,,,,,,,,,1,1,1,0,0,0
2023-07-17,82.03,30143.7462744009,1.0001484126242,,,,,,,,,,1,1,1,0,0,0
2023-07-18,82.03,29835.7474076563,1.00015306838106,,,,,,,,,,1,1,1,0,0,0
2023-07-19,82.09,29913.0294646406,1.00007341496201,,,,,,,,,,1,1,1,0,0,0
2023-07-20,81.99,29805.6065707189,0.99992765371128,,,,,,,,,,1,1,1,0,0,0
2023-07-21,81.99,29919.6934921099,1.0000638188194,,,,,,,,,,1,1,1,0,0,0
2023-07-24,81.81,29178.3597042665,0.99992051899474,,,,,,,,,,1,1,1,0,0,0
2023-07-25,81.87,29221.2548533022,0.99987130829924,,,,,,,,,,1,1,1,0,0,0
2023-07-26,81.99,29361.5917580362,0.999991739041496,,,,,,,,,,1,1,1,0,0,0
2023-07-27,82.15,29201.6865175336,0.999764940093512,,,,,,,,,,1,1,1,0,0,0
2023-07-28,82.22,29316.3130751023,0.999970978375219,,,,,,,,,,1,1,1,0,0,0
2023-07-31,82.24,29219.8201887785,0.999891289596727,,,,,,,,,,1,1,1,0,0,0
2023-08-01,82.25,29499.5875385739,0.999484855639976,,,,,,,,,,1,1,1,0,0,0
2023-08-02,82.58,29143.1519620105,0.999415050555231,,,,,,,,,,1,1,1,0,0,0
2023-08-03,82.74,29192.3448617767,0.999200921390999,,,,,,,,,,1,1,1,0,0,0
2023-08-04,82.83,29057.2532437171,0.99858968264173,,,,,,,,,,1,1,1,0,0,0
2023-08-07,82.75,29164.3585873758,0.998839379602572,,,,,,,,,,1,1,1,0,0,0
2023-08-08,82.85,29779.511383986,0.999638090005845,,,,,,,,,,1,1,1,0,0,0
2023-08-09,82.84,29582.9442375804,0.999338050263004,,,,,,,,,,1,1,1,0,0,0
2023-08-10,82.69,29430.1599117475,0.998946948568089,,,,,,,,,,1,1,1,0,0,0
2023-08-11,82.87,29399.784739626,0.999049368971057,,,,,,,,,,1,1,1,0,0,0
2023-08-14,83.17,29408.9717127411,0.999205314004976,,,,,,,,,,1,1,1,0,0,0
2023-08-15,82.94,29167.59721654,0.998929607959405,,,,,,,,,,1,1,1,0,0,0
2023-08-16,83.19,28754.2924079486,0.998810512778002,,,,,,,,,,1,1,1,0,0,0
2023-08-17,83.09,26660.5627264757,1.00003915163336,,,,,,,,,,1,1,1,0,0,0
2023-08-18,83.14,26037.3658474576,0.999775399224845,,,,,,,,,,1,1,1,0,0,0
2023-08-21,83.1,26128.9050160725,0.999882493396926,,,,,,,,,,1,1,1,0,0,0
2023-08-22,82.94,25978.2096914085,0.999368540134856,,,,,,,,,,1,1,1,0,0,0
2023-08-23,82.69,26452.1935882525,0.999865803889155,,,,,,,,,,1,1,1,0,0,0
2023-08-24,82.57,26126.7943331385,0.999715174730562,,,,,,,,,,1,1,1,0,0,0
2023-08-25,82.64,26040.881255114,0.999641908583857,,,,,,,,,,1,1,1,0,0,0
2023-08-28,82.6,26103.2765730567,0.999356993809762,,,,,,,,,,1,1,1,0,0,0
2023-08-29,82.7,27672.2221306254,1.00012495717819,,,,,,,,,,1,1,1,0,0,0
2023-08-30,82.73,27298.997779661,1.00003409172653,,,,,,,,,,1,1,1,0,0,0
2023-08-31,82.78,25954.8665935126,0.999719571307773,,,,,,,,,,1,1,1,0,0,0
2023-09-01,82.69,25802.7885298071,0.99957938270854,,,,,,,,,,1,1,1,0,0,0
2023-09-05,83.03,25782.3622200468,0.999599113234877,,,,,,,,,,1,1,1,0,0,0
2023-09-06,83.14,25754.7902676797,0.99949043193861,,,,,,,,,,1,1,1,0,0,0
2023-09-07,83.21,26210.6045637054,0.999969812201558,,,,,,,,,,1,1,1,0,0,0
2023-09-08,82.93,25904.6982127411,0.999753117346373,,,,,,,,,,1,1,1,0,0,0
2023-09-11,83.03,25135.0393781414,0.999592691875488,,,,,,,,,,1,1,1,0,0,0
2023-09-12,82.86,25859.7018068381,0.999992756884856,,,,,,,,,,1,1,1,0,0,0
2023-09-13,82.93,26226.8667524839,1.00024672462738,,,,,,,,,,1,1,1,0,0,0
2023-09-14,83.02,26556.056943308,1.0004419284281,,,,,,,,,,1,1,1,0,0,0
2023-09-15,83.15,26672.6160818235,1.00014057389981,,,,,,,,,,1,1,1,0,0,0
2023-09-18,83.27,26764.6319064874,1.00023642632659,,,,,,,,,,1,1,1,0,0,0
2023-09-19,83.27,27215.0504848042,1.00013465680332,,,,,,,,,,1,1,1,0,0,0
2023-09-20,83.07,27133.4037235535,1.00005237933594,,,,,,,,,,1,1,1,0,0,0
2023-09-21,83.11,26571.5952919345,0.999951549252144,,,,,,,,,,1,1,1,0,0,0
2023-09-22,82.95,26581.1476116306,0.999981365657567,,,,,,,,,,1,1,1,0,0,0
2023-09-25,83.11,26288.8095005845,0.999712013808971,,,,,,,,,,1,1,1,0,0,0
2023-09-26,83.24,26194.5378880772,0.999434759788401,,,,,,,,,,1,1,1,0,0,0
2023-09-27,83.18,26336.0825973115,0.999387588758716,,,,,,,,,,1,1,1,0,0,0
2023-09-28,83.13,27033.4254415546,1.00006720436008,,,,,,,,,,1,1,1,0,0,0
2023-09-29,83.08,26911.2514739918,0.999969074266962,,,,,,,,,,1,1,1,0,0,0
2023-10-02,83.04,27565.8892954413,1.00029835919793,,,,,,,,,,1,1,1,1,0,0
2023-10-03,83.22,27439.1422393337,1.00007813822579,,,,,,,,,,1,1,1,1,0,0
2023-10-04,83.25,27797.251176505,1.00017882143572,,,,,,,,,,1,1,1,1,0,0
2023-10-05,83.24,27426.3450926359,1.000038493436,,,,,,,,,,1,1,1,1,0,0
2023-10-06,83.25,27941.9633760959,1.00053986376221,,,,,,,,,,1,1,1,1,0,0
2023-10-10,83.25,27419.7971803039,1.0000268862977,,,,,,,,,,1,1,1,1,0,0
2023-10-11,83.18,26828.1725710111,0.99974173290376,,,,,,,,,,1,1,1,1,0,0
2023-10-12,83.28,26741.3405990649,0.999754811326154,,,,,,,,,,1,1,1,1,0,0
2023-10-13,83.26,26842.4467703098,1.00005043789741,,,,,,,,,,1,1,1,1,0,0
2023-10-16,83.28,28506.7936741671,1.00049296683509,,,,,,,,,,1,1,1,1,0,0
2023-10-17,83.22,28433.2051522501,1.00041296375283,,,,,,,,,,1,1,1,1,0,0
2023-10-18,83.25,28328.0750195792,1.00024135353056,,,,,,,,,,1,1,1,1,0,0
2023-10-19,83.1,28690.358041204,1.00055458572719,,,,,,,,,,1,1,1,1,0,0
2023-10-20,83.14,29704.9853673291,1.00054675959747,,,,,,,,,,1,1,1,1,0,0
2023-10-23,83.19,32954.1690482174,1.00054870632218,,,,,,,,,,1,1,1,1,0,0
2023-10-24,83.19,33880.9566537113,1.00005982459736,,,,,,,,,,1,1,1,1,0,0
2023-10-25,83.18,34488.6589210988,1.00034953414626,,,,,,,,,,1,1,1,1,0,0
2023-10-26,83.24,34181.4922521917,1.00019642524402,,,,,,,,,,1,1,1,1,0,0
2023-10-27,83.27,33896.938528346,1.00031368792638,,,,,,,,,,1,1,1,1,0,0
2023-10-30,83.25,34495.1050207481,1.00049096899405,,,,,,,,,,1,1,1,1,0,0
2023-10-31,83.26,34636.4264736996,1.00048417024803,,,,,,,,,,1,1,1,1,0,0
2023-11-01,83.24,35431.9794532437,1.00039954712691,,,,,,,,,,1,1,1,1,0,0
2023-11-02,83.22,34882.9173366452,1.0002650623484,,,,,,,,,,1,1,1,1,0,0
2023-11-03,83.14,34708.2218804792,1.00054948316597,,,,,,,,,,1,1,1,1,0,0
2023-11-06,83.19,35017.7151484512,1.00042349389445,,,,,,,,,,1,1,1,1,0,0
2023-11-07,83.22,35418.4768901227,1.00054253239403,,,,,,,,,,1,1,1,1,0,0
2023-11-08,83.28,35797.8946090006,1.00053852581305,,,,,,,,,,1,1,1,1,0,0
2023-11-09,83.25,36675.3264333723,1.00008243817605,,,,,,,,,,1,1,1,1,0,0
2023-11-13,83.32,36543.2680870836,1.00027286545745,,,,,,,,,,1,1,1,1,0,0
2023-11-14,83.32,35590.6835645821,1.00025633164557,,,,,,,,,,1,1,1,1,0,0
2023-11-15,83.11,37840.5534894798,1.00059499446779,,,,,,,,,,1,1,1,1,0,0
2023-11-16,83.22,36160.4044509059,0.999940267325234,,,,,,,,,,1,1,1,1,0,0
2023-11-17,83.25,36569.7120534775,1.00035010768321,,,,,,,,,,1,1,1,1,0,0
2023-11-20,83.33,37516.0503708358,1.00066789140417,,,,,,,,,,1,1,1,1,0,0
2023-11-21,83.26,36035.0330862069,1.00016724162698,,,,,,,,,,1,1,1,1,0,0
2023-11-22,83.29,37403.0347168323,1.00040612262508,,,,,,,,,,1,1,1,1,0,0
2023-11-24,83.34,37718.7841630625,1.00081037015911,,,,,,,,,,1,1,1,1,0,0
2023-11-27,83.34,37229.2452197545,0.999957330627812,,,,,,,,,,1,1,1,1,0,0
2023-11-28,83.33,37828.4655911748,1.00052269503504,,,,,,,,,,1,1,1,1,0,0
2023-11-29,83.31,37846.8531227352,1.00028660219076,,,,,,,,,,1,1,1,1,0,0
2023-11-30,83.36,37712.7114789597,1.00022709656566,,,,,,,,,,1,1,1,1,0,0
2023-12-01,83.27,38703.5536820573,1.0004801357965,,,,,,,,,,1,1,1,1,0,0
2023-12-04,83.4,41910.2994815897,0.999738297285476,,,,,,,,,,1,1,1,1,0,0
2023-12-05,83.33,44067.0054763296,1.00010741942149,,,,,,,,,,1,1,1,1,0,0
2023-12-06,83.32,43745.8343907072,1.00003856377569,,,,,,,,,,1,1,1,1,0,0
2023-12-07,83.32,43282.6182261835,1.00036825820689,,,,,,,,,,1,1,1,1,0,0
2023-12-08,83.38,44205.0522089421,1.00038669881442,,,,,,,,,,1,1,1,1,0,0
2023-12-11,83.38,41209.8947904734,0.999415063565016,,,,,,,,,,1,1,1,1,0,0
2023-12-12,83.37,41467.2735698422,0.999567281879209,,,,,,,,,,1,1,1,1,0,0
2023-12-13,83.4,42939.0607583285,1.00036410053415,,,,,,,,,,1,1,1,1,0,0
2023-12-14,83.28,43033.1371560491,1.00022203630557,,,,,,,,,,1,1,1,1,0,0
2023-12-15,83.02,41978.0970195792,1.00007847281036,,,,,,,,,,1,1,1,1,0,0
2023-12-18,83.04,42635.7331911163,0.99985159821545,,,,,,,,,,1,1,1,1,0,0
2023-12-19,83.18,42271.863025716,0.999630898514201,,,,,,,,,,1,1,1,1,0,0
2023-12-20,83.14,43605.1555549386,0.999890451697758,,,,,,,,,,1,1,1,1,0,0
2023-12-21,83.27,43870.2382340736,1.0002046846012,,,,,,,,,,1,1,1,1,0,0
2023-12-22,83.12,44009.5016551724,1.00090913283398,,,,,,,,,,1,1,1,1,0,0
2023-12-26,83.17,42491.1229079486,1.00007104696969,,,,,,,,,,1,1,1,1,0,0
2023-12-27,83.35,43436.9594269433,1.00057935226643,,,,,,,,,,1,1,1,1,0,0
2023-12-28,83.15,42670.6797180012,1.00050699962923,,,,,,,,,,1,1,1,1,0,0
2023-12-29,83.19,41998.6033442431,1.00003572528291,,,,,,,,,,1,1,1,1,0,0
2024-01-02,83.31,44941.160493571,1.00040943542186,,,,,,,,,,1,1,1,1,0,0
2024-01-03,83.3,42773.6515423729,1.00052848922915,,,,,,,,,,1,1,1,1,0,0
2024-01-04,83.21,44250.7452670953,1.00107643603298,,,,,,,,,,1,1,1,1,0,0
2024-01-05,83.16,44146.3222022209,1.00087060138859,,,,,,,,,,1,1,1,1,0,0
2024-01-08,83.13,46981.3242995324,1.00085271159797,,,,,,,,,,1,1,1,1,0,0
2024-01-09,83.09,46084.005795149,1.00032280907974,,,,,,,,,,1,1,1,1,0,0
2024-01-10,83.01,46818.1592764465,1.00057371478459,,,,,,,,,,1,1,1,1,0,0
2024-01-11,83.03,46380.8708082992,1.00016300101465,,,,,,,,,,1,1,1,1,0,0
2024-01-12,82.92,42817.4305356517,0.999641497104304,,,,,,,,,,1,1,1,1,0,0
2024-01-16,83.05,43171.4472241379,0.999947987901929,,,,,,,,,,1,1,1,1,1,0
2024-01-17,83.14,42689.304327294,0.99904827102371,,,,,,,,,,1,1,1,1,1,0
2024-01-18,83.15,41261.9076177674,0.999050568476813,,,,,,,,,,1,1,1,1,1,0
2024-01-19,83.09,41606.8535330216,0.999072789231935,,,,,,,,,,1,1,1,1,1,0
2024-01-22,83.08,39577.0998603156,0.998892023814026,,,,,,,,,,1,1,1,1,1,0
2024-01-23,83.15,39737.3143617767,0.999302276978983,,,,,,,,,,1,1,1,1,1,0
2024-01-24,83.09,40101.8568980129,0.999640574715687,,,,,,,,,,1,1,1,1,1,0
2024-01-25,83.08,39917.6611461134,0.999501694204383,,,,,,,,,,1,1,1,1,1,0
2024-01-26,83.11,41860.7310458796,0.999906218721294,,,,,,,,,,1,1,1,1,1,0
2024-01-29,83.12,43218.3470821157,1.00001984263283,,,,,,,,,,1,1,1,1,1,0
2024-01-30,83.11,42950.0541277031,0.999966042489292,,,,,,,,,,1,1,1,1,1,0
2024-01-31,83.02,42589.4708059614,0.999313122281047,,,,,,,,,,1,1,1,1,1,0
2024-02-01,82.95,43020.3596548802,0.999750659745267,,,,,,,,,,1,1,1,1,1,0
2024-02-02,82.92,43155.3852030976,0.999545836976325,,,,,,,,,,1,1,1,1,1,0
2024-02-05,83.04,42619.2742738165,0.99874673400842,,,,,,,,,,1,1,1,1,1,0
2024-02-06,83.03,43102.7062632963,0.99981502684736,,,,,,,,,,1,1,1,1,1,0
2024-02-07,82.97,44253.0314731151,0.999876768992766,,,,,,,,,,1,1,1,1,1,0
2024-02-08,82.97,45332.09157218,1.00027278893534,,,,,,,,,,1,1,1,1,1,0
2024-02-09,83.0,47176.9665137347,1.00054531258423,,,,,,,,,,1,1,1,1,1,0
2024-02-12,82.95,49989.80371654,1.00028460681219,,,,,,,,,,1,1,1,1,1,0
2024-02-13,83.06,49628.0941528346,1.00050529280682,,,,,,,,,,1,1,1,1,1,0
2024-02-14,83.02,51844.2929193454,1.00101204643036,,,,,,,,,,1,1,1,1,1,0
2024-02-15,83.0,51939.1472919345,1.00119430167072,,,,,,,,,,1,1,1,1,1,0
2024-02-16,83.02,52157.3123977206,1.00066853569892,,,,,,,,,,1,1,1,1,1,0
2024-02-20,82.88,52308.0531712449,1.00020534103974,,,,,,,,,,1,1,1,1,1,0
2024-02-21,82.96,51744.321808007,0.999929572525579,,,,,,,,,,1,1,1,1,1,0
2024-02-22,82.86,51292.3252574518,0.99936742210025,,,,,,,,,,1,1,1,1,1,0
2024-02-23,82.86,50789.1431759205,0.999845354180545,,,,,,,,,,1,1,1,1,1,0
2024-02-26,82.85,54551.8259184687,1.00089473906106,,,,,,,,,,1,1,1,1,1,0
2024-02-27,82.88,57049.888220339,1.00060120787631,,,,,,,,,,1,1,1,1,1,0
2024-02-28,82.88,62460.740619813,1.00133281906632,,,,,,,,,,1,1,1,1,1,0
2024-02-29,82.87,61394.7818515488,1.00062768713527,,,,,,,,,,1,1,1,1,1,0
2024-03-01,82.91,62524.401817066,1.00084563723453,,,,,,,,,,1,1,1,1,1,0
2024-03-04,82.88,68091.8388243717,1.00145049611635,,,,,,,,,,1,1,1,1,1,0
2024-03-05,82.86,63950.524329924,1.00114269269874,,,,,,,,,,1,1,1,1,1,0
2024-03-06,82.78,66103.7215400351,1.00069975470827,,,,,,,,,,1,1,1,1,1,0
2024-03-07,82.78,67070.3791484512,1.00173645497102,,,,,,,,,,1,1,1,1,1,0
2024-03-08,82.73,68343.7149552893,1.00232602089255,,,,,,,,,,1,1,1,1,1,0
2024-03-11,82.72,72198.0875341905,1.00030545382313,,,,,,,,,,1,1,1,1,1,0
2024-03-12,82.77,71432.7283018702,1.00022593918922,,,,,,,,,,1,1,1,1,1,0
2024-03-13,82.81,73081.5759053185,1.00065802544158,,,,,,,,,,1,1,1,1,1,0
2024-03-14,82.82,71505.2729076563,0.999709191341082,,,,,,,,,,1,1,1,1,1,0
2024-03-15,82.86,69424.9141753361,1.00011368774036,,,,,,,,,,1,1,1,1,1,0
2024-03-18,82.89,67770.8865245471,0.999920420119072,,,,,,,,,,1,1,1,1,1,0
2024-03-19,83.01,61969.3075394506,0.999449292516663,,,,,,,,,,1,1,1,1,1,0
2024-03-20,83.18,67848.1076396844,1.00025915893836,,,,,,,,,,1,1,1,1,1,0
2024-03-21,83.15,65454.7357232612,0.999757063108138,,,,,,,,,,1,1,1,1,1,0
2024-03-22,83.53,63486.4849997078,1.00017965659345,,,,,,,,,,1,1,1,1,1,0
2024-03-25,83.42,70042.0204237288,1.00036077479731,,,,,,,,,,1,1,1,1,1,0
2024-03-26,83.32,70071.0472144945,1.00008889624613,,,,,,,,,,1,1,1,1,1,0
2024-03-27,83.34,69267.8879815897,0.999580040601198,,,,,,,,,,1,1,1,1,1,0
2024-03-28,83.35,70826.8968714202,1.00014215144091,,,,,,,,,,1,1,1,1,1,0
2024-03-29,83.34,69917.0430070134,1.00071895085097,,,,,,,,,,1,1,1,1,1,0
2024-04-01,83.36,69791.6277305669,1.00041011479939,,,,,,,,,,1,1,1,1,1,0
2024-04-02,83.32,65533.7548351841,1.00027489082948,,,,,,,,,,1,1,1,1,1,0
2024-04-03,83.43,66130.2162393337,1.00037800059784,,,,,,,,,,1,1,1,1,1,0
2024-04-04,83.44,68438.135024547,1.00050650229991,,,,,,,,,,1,1,1,1,1,0
2024-04-05,83.29,67904.9094766219,1.00036550506255,,,,,,,,,,1,1,1,1,1,0
2024-04-08,83.25,71712.7972840444,0.999798532269049,,,,,,,,,,1,1,1,1,1,0
2024-04-09,83.18,69074.5418638223,0.999621152087896,,,,,,,,,,1,1,1,1,1,0
2024-04-10,83.37,70579.4456767972,0.999958497164052,,,,,,,,,,1,1,1,1,1,0
2024-04-11,83.19,70046.5536057861,1.00014596059557,,,,,,,,,,1,1,1,1,1,0
2024-04-12,83.59,67098.113691993,1.00045170128162,,,,,,,,,,1,1,1,1,1,0
2024-04-15,83.48,63393.325166277,1.00042021595199,,,,,,,,,,1,1,1,1,1,0
2024-04-16,83.54,63784.8203340152,1.00034624189449,,,,,,,,,,1,1,1,1,1,0
2024-04-17,83.54,61324.2184286967,0.9998661062082,,,,,,,,,,1,1,1,1,1,0
2024-04-18,83.53,63510.14500263,1.00056192160766,,,,,,,,,,1,1,1,1,1,0
2024-04-19,83.46,63762.6310300994,1.00047537992949,,,,,,,,,,1,1,1,1,1,0
2024-04-22,83.47,66944.5960911748,1.00052574920549,,,,,,,,,,1,1,1,1,1,0
2024-04-23,83.36,66385.3002919345,1.00005252488732,,,,,,,,,,1,1,1,1,1,0
2024-04-24,83.34,64189.9679064874,0.999491074384043,,,,,,,,,,1,1,1,1,1,0
2024-04-25,83.31,64515.3874725307,0.999851906194263,,,,,,,,,,1,1,1,1,1,0
2024-04-26,83.38,63777.4715002922,0.999581333609795,,,,,,,,,,1,1,1,1,1,0
2024-04-29,83.46,63908.3888766803,0.999713519182908,,,,,,,,,,1,1,1,1,1,0
2024-04-30,83.44,60636.3261633548,0.999047328192167,,,,,,,,,,1,1,1,1,1,0
2024-05-01,83.45,58141.7772799532,0.998333666972175,,,,,,,,,,1,1,1,1,1,0
2024-05-02,83.44,59170.1088936295,1.00007244703061,,,,,,,,,,1,1,1,1,1,0
2024-05-03,83.43,62983.6554783752,1.00053766029107,,,,,,,,,,1,1,1,1,1,0
2024-05-06,83.48,63228.1031341321,0.999918907905391,,,,,,,,,,1,1,1,1,1,0
2024-05-07,83.51,62396.999720339,1.00009097757235,,,,,,,,,,1,1,1,1,1,0
2024-05-08,83.45,61079.27442782,0.999566666300239,,,,,,,,,,1,1,1,1,1,0
2024-05-09,83.51,62998.4903381064,0.99993724356495,,,,,,,,,,1,1,1,1,1,0
2024-05-10,83.54,60896.6418880772,0.99984573164259,,,,,,,,,,1,1,1,1,1,0
2024-05-13,83.48,62886.9394491526,0.999860253910633,,,,,,,,,,1,1,1,1,1,0
2024-05-14,83.5,61555.5670046756,0.999482533926223,,,,,,,,,,1,1,1,1,1,0
2024-05-15,83.46,66281.5322542373,0.999983782038167,,,,,,,,,,1,1,1,1,1,0
2024-05-16,83.46,65269.2603246639,1.00005271862803,,,,,,,,,,1,1,1,1,1,0
2024-05-17,83.34,66956.4409476914,1.00028206252909,,,,,,,,,,1,1,1,1,1,0
2024-05-20,83.34,71202.2025902981,0.999949658392867,,,,,,,,,,1,1,1,1,1,0
2024-05-21,83.31,70217.2546914085,0.999777073636709,,,,,,,,,,1,1,1,1,1,0
2024-05-22,83.26,69074.9141350088,0.999132152717123,,,,,,,,,,1,1,1,1,1,0
2024-05-23,83.27,67758.7306586791,0.999143579214465,,,,,,,,,,1,1,1,1,1,0
2024-05-24,83.09,68608.998279661,0.99985560262855,,,,,,,,,,1,1,1,1,1,0
2024-05-28,83.16,68342.8204488603,0.998848839349561,,,,,,,,,,1,1,1,1,1,0
2024-05-29,83.33,67584.2632402104,0.998908033129098,,,,,,,,,,1,1,1,1,1,0
2024-05-30,83.28,68375.4760260082,0.999725250153538,,,,,,,,,,1,1,1,1,1,0
2024-05-31,83.43,67377.7626122151,0.999021792385452,,,,,,,,,,1,1,1,1,1,0
2024-06-03,83.14,68833.3028351841,0.999797864714846,,,,,,,,,,1,1,1,1,1,0
2024-06-04,83.52,70554.0894330801,1.00010036252281,,,,,,,,,,1,1,1,1,1,0
2024-06-05,83.37,71087.4433158971,1.00013457450505,,,,,,,,,,1,1,1,1,1,0
2024-06-06,83.47,70788.5013755114,0.99965868096566,,,,,,,,,,1,1,1,1,1,0
2024-06-07,83.38,69338.1573240795,0.999571476541687,,,,,,,,,,1,1,1,1,1,0
2024-06-10,83.5,69465.9362478083,0.999562645630897,,,,,,,,,,1,1,1,1,1,0
2024-06-11,83.5,67368.263506429,1.00002492373462,,,,,,,,,,1,1,1,1,1,0
2024-06-12,83.57,68213.8346838106,0.999708168530256,,,,,,,,,,1,1,1,1,1,0
2024-06-13,83.52,66783.4902767388,0.999544636940289,,,,,,,,,,1,1,1,1,1,0
2024-06-14,83.54,65982.1865195792,0.999385495019647,,,,,,,,,,1,1,1,1,1,0
2024-06-17,83.52,66483.8785260082,0.999623676339469,,,,,,,,,,1,1,1,1,1,0
2024-06-18,83.42,65112.1230020456,0.999502643692748,,,,,,,,,,1,1,1,1,1,0
2024-06-20,83.62,64897.7011542957,0.999437375678525,,,,,,,,,,1,1,1,1,1,0
2024-06-21,83.53,64086.0489228521,0.999539758439391,,,,,,,,,,1,1,1,1,1,0
2024-06-24,83.42,60258.9554374635,0.999158961059964,,,,,,,,,,1,1,1,1,1,0
2024-06-25,83.4,61739.6658477498,0.999756540766126,,,,,,,,,,1,1,1,1,1,0
2024-06-26,83.55,60794.4760584454,0.999343169224062,,,,,,,,,,1,1,1,1,1,0
2024-06-27,83.44,61569.9234275278,0.998531586850949,,,,,,,,,,1,1,1,1,1,0
2024-06-28,83.33,60303.3147364115,0.998126312477029,,,,,,,,,,1,1,1,1,1,0
2024-07-01,83.44,62835.3997647575,0.998912840019944,,,,,,,,,,1,1,1,1,1,0
2024-07-02,83.5,62028.6170385739,0.998401330066872,,,,,,,,,,1,1,1,1,1,0
2024-07-03,83.48,60216.3920859147,0.998868205784377,,,,,,,,,,1,1,1,1,1,0
2024-07-05,83.47,56720.9881256575,1.00004784701861,,,,,,,,,,1,1,1,1,1,0
2024-07-08,83.45,56691.9149061952,0.999801253286157,,,,,,,,,,1,1,1,1,1,0
2024-07-09,83.47,57981.4320967271,0.999915091541321,,,,,,,,,,1,1,1,1,1,0
2024-07-10,83.5,57722.0113527177,0.999778745950457,,,,,,,,,,1,1,1,1,1,0
2024-07-11,83.57,57307.712738457,1.00001191354364,,,,,,,,,,1,1,1,1,1,0
2024-07-12,83.48,57859.1202819988,1.00023376638439,,,,,,,,,,1,1,1,1,1,0
2024-07-15,83.55,64734.7611697837,1.00059930731628,,,,,,,,,,1,1,1,1,1,0
2024-07-16,83.6,65118.8266583869,1.00067743135086,,,,,,,,,,1,1,1,1,1,0
2024-07-17,83.55,64201.3707805377,1.0000476492165,,,,,,,,,,1,1,1,1,1,0
2024-07-18,83.58,63984.3022022209,0.999818636052083,,,,,,,,,,1,1,1,1,1,1
2024-07-19,83.7,66755.7833828171,1.00061025769122,,,,,,,,,,1,1,1,1,1,1
2024-07-22,83.65,67535.1976738749,1.00052028440951,,,,,,,,,,1,1,1,1,1,1
2024-07-23,83.68,65916.4081616014,1.00002554980897,,,,,,,,,,1,1,1,1,1,1
2024-07-24,83.72,65353.3857784921,0.999777961201956,,,,,,,,,,1,1,1,1,1,1
2024-07-25,83.7,65722.0611917007,0.999639269866037,,,,,,,,,,1,1,1,1,1,1
2024-07-26,83.7,67912.2433091759,1.00006361308645,,,,,,,,,,1,1,1,1,1,1
2024-07-29,83.75,66867.167277031,0.999893109699738,,,,,,,,,,1,1,1,1,1,1
2024-07-30,83.7,66186.9146861484,0.999707315014412,,,,,,,,,,1,1,1,1,1,1
2024-07-31,83.73,64690.6340385739,0.999777691799826,,,,,,,,,,1,1,1,1,1,1
2024-08-01,83.7,65178.0554891876,0.998915776220007,,,,,,,,,,1,1,1,1,1,1
2024-08-02,83.79,61506.7698877849,0.998807233451442,,,,,,,,,,1,1,1,1,1,1
2024-08-05,83.83,54343.6276773816,1.00048723462039,,,,,,,,,,1,1,1,1,1,1
2024-08-06,83.91,56047.4712866744,1.00041779184119,,,,,,,,,,1,1,1,1,1,1
2024-08-07,83.96,55129.7410376973,1.00010103669652,,,,,,,,,,1,1,1,1,1,1
2024-08-08,83.95,61908.7896724138,1.00012660913962,,,,,,,,,,1,1,1,1,1,1
2024-08-09,83.92,60720.9407594974,1.00040065215767,,,,,,,,,,1,1,1,1,1,1
2024-08-12,83.92,59394.1629538282,1.00017816394235,,,,,,,,,,1,1,1,1,1,1
2024-08-13,83.97,60536.2457846289,1.00040750483995,,,,,,,,,,1,1,1,1,1,1
2024-08-14,83.91,58840.6466797195,1.00020398683796,,,,,,,,,,1,1,1,1,1,1
2024-08-15,83.94,57644.1876879018,1.00019968341329,,,,,,,,,,1,1,1,1,1,1
2024-08-16,83.95,58927.2765087668,1.00022212857183,,,,,,,,,,1,1,1,1,1,1
2024-08-19,83.82,59411.5190169492,1.00039983668519,,,,,,,,,,1,1,1,1,1,1
2024-08-20,83.79,59123.3002662186,1.00013752399195,,,,,,,,,,1,1,1,1,1,1
2024-08-21,83.93,61133.0256493279,1.00017333967307,,,,,,,,,,1,1,1,1,1,1
2024-08-22,83.93,60394.4737749854,1.00004022662362,,,,,,,,,,1,1,1,1,1,1
2024-08-23,83.91,64106.8029152543,1.00083200309032,,,,,,,,,,1,1,1,1,1,1
2024-08-26,83.87,62983.4427729398,1.00018654196417,,,,,,,,,,1,1,1,1,1,1
2024-08-27,83.91,59548.0076215663,1.00032468451841,,,,,,,,,,1,1,1,1,1,1
2024-08-28,83.9,59100.7747548217,1.00012417654055,,,,,,,,,,1,1,1,1,1,1
2024-08-29,83.84,59339.7909947399,1.00006277518386,,,,,,,,,,1,1,1,1,1,1
2024-08-30,83.83,59142.9399640561,0.999828517654451,,,,,,,,,,1,1,1,1,1,1
2024-09-03,83.94,57637.7754444769,0.999716441475486,,,,,,,,,,1,1,1,1,1,1
2024-09-04,83.95,58033.3989704851,1.00006305521991,,,,,,,,,,1,1,1,1,1,1
2024-09-05,83.96,56112.9529400935,0.999654621751337,,,,,,,,,,1,1,1,1,1,1
2024-09-06,83.91,53838.9534623028,0.999763260796129,,,,,,,,,,1,1,1,1,1,1
2024-09-09,83.93,57135.7814371712,1.0001237705174,,,,,,,,,,1,1,1,1,1,1
2024-09-10,83.95,57664.4998214494,1.00004191528745,,,,,,,,,,1,1,1,1,1,1
2024-09-11,83.95,57409.1950663355,1.00017452027776,,,,,,,,,,1,1,1,1,1,1
2024-09-12,83.92,58124.6418065459,1.00001803762105,,,,,,,,,,1,1,1,1,1,1
2024-09-13,83.88,60536.8814503215,1.00074136177942,,,,,,,,,,1,1,1,1,1,1
2024-09-16,83.89,58227.46421654,0.999820687113626,,,,,,,,,,1,1,1,1,1,1
2024-09-17,83.75,60238.2177255991,1.00006055825245,,,,,,,,,,1,1,1,1,1,1
2024-09-18,83.75,61306.2337317358,1.00016216143881,,,,,,,,,,1,1,1,1,1,1
2024-09-19,83.68,62994.6096528346,1.00026448596614,,,,,,,,,,1,1,1,1,1,1
2024-09-20,83.57,63153.9518270018,0.999833498605836,,,,,,,,,,1,1,1,1,1,1
2024-09-23,83.53,63336.0126347165,0.999933275423981,,,,,,,,,,1,1,1,1,1,1
2024-09-24,83.66,64342.7891113384,1.00005777347589,,,,,,,,,,1,1,1,1,1,1
2024-09-25,83.56,63059.6269167154,0.999746774241728,,,,,,,,,,1,1,1,1,1,1
2024-09-26,83.6,65057.7861461134,1.00019151343649,,,,,,,,,,1,1,1,1,1,1
2024-09-27,83.68,65767.7132542373,1.00010430624162,,,,,,,,,,1,1,1,1,1,1
2024-09-30,83.76,63260.0425482174,0.999567594722515,,,,,,,,,,1,1,1,1,1,1
2024-10-01,83.81,60858.2487086499,0.999882251487613,,,,,,,,,,1,1,1,1,1,1
2024-10-02,83.81,60686.0993135593,0.999853676223599,,,,,,,,,,1,1,1,1,1,1
2024-10-03,84.0,60765.2367498539,0.999865849755172,,,,,,,,,,1,1,1,1,1,1
2024-10-04,83.99,62052.5100496785,0.999937971447638,,,,,,,,,,1,1,1,1,1,1
2024-10-07,83.96,62416.508829924,0.999699099598067,,,,,,,,,,1,1,1,1,1,1
2024-10-08,83.95,62126.3273769725,0.999377475313331,,,,,,,,,,1,1,1,1,1,1
2024-10-09,83.93,60615.2581917008,0.999004579552582,,,,,,,,,,1,1,1,1,1,1
2024-10-10,83.94,60221.1172869667,0.999153125469887,,,,,,,,,,1,1,1,1,1,1
2024-10-11,84.08,62462.539962595,0.999692735078941,,,,,,,,,,1,1,1,1,1,1
2024-10-15,84.04,66933.974833723,0.999799534929806,,,,,,,,,,1,1,1,1,1,1
2024-10-16,84.01,67662.9534038574,0.999823988274717,,,,,,,,,,1,1,1,1,1,1
2024-10-17,84.04,67337.9075482174,0.999666217025023,,,,,,,,,,1,1,1,1,1,1
2024-10-18,84.03,68390.5375625365,0.999888841094442,,,,,,,,,,1,1,1,1,1,1
2024-10-21,84.07,67440.4625058445,0.999513803214552,,,,,,,,,,1,1,1,1,1,1
2024-10-22,84.06,67425.7553211572,0.999331976298353,,,,,,,,,,1,1,1,1,1,1
2024-10-23,84.06,66647.2866642315,0.99892765181573,,,,,,,,,,1,1,1,1,1,1
2024-10-24,84.05,68130.9948369374,0.999333639837601,,,,,,,,,,1,1,1,1,1,1
2024-10-25,84.06,66261.5376861485,0.998220522617026,,,,,,,,,,1,1,1,1,1,1
2024-10-28,84.05,69862.5205470485,0.999348597140181,,,,,,,,,,1,1,1,1,1,1
2024-10-29,84.04,72678.7866201052,0.999728095538994,,,,,,,,,,1,1,1,1,1,1
2024-10-30,84.07,72450.2843819404,0.999677352728735,,,,,,,,,,1,1,1,1,1,1
2024-10-31,84.06,70367.0819576271,0.998609377613079,,,,,,,,,,1,1,1,1,1,1
2024-11-01,84.03,69483.5830303916,0.9995300310066,,,,,,,,,,1,1,1,1,1,1
2024-11-04,84.11,67779.0969795441,0.999335455037494,,,,,,,,,,1,1,1,1,1,1
2024-11-05,84.1,69538.0241729982,0.999971699353959,,,,,,,,,,1,1,1,1,1,1
2024-11-06,84.31,75696.0366192285,1.00087772813277,,,,,,,,,,1,1,1,1,1,1
2024-11-07,84.37,75972.2955546464,1.00071244631894,,,,,,,,,,1,1,1,1,1,1
2024-11-08,84.34,76507.4474012273,1.00069879563874,,,,,,,,,,1,1,1,1,1,1
2024-11-12,84.38,88048.7488877849,1.00093502168416,,,,,,,,,,1,1,1,1,1,1
2024-11-13,84.39,90369.3819693162,1.00126568427681,,,,,,,,,,1,1,1,1,1,1
2024-11-14,84.42,87204.2569827586,1.00017416750334,,,,,,,,,,1,1,1,1,1,1
2024-11-15,84.41,91139.0844427236,1.00029376806044,,,,,,,,,,1,1,1,1,1,1
2024-11-18,84.37,90587.6965534775,0.997986845250092,,,,,,,,,,1,1,1,1,1,1
2024-11-19,84.36,92254.1385800701,1.00138886758375,,,,,,,,,,1,1,1,1,1,1
2024-11-20,84.41,94160.0406858562,1.00091081587846,,,,,,,,,,1,1,1,1,1,1
2024-11-21,84.48,98545.5688798948,1.00108096102446,,,,,,,,,,1,1,1,1,1,1
2024-11-22,84.44,98938.3495450029,1.00114705925768,,,,,,,,,,1,1,1,1,1,1
2024-11-25,84.24,93343.0290745178,0.999989341284796,,,,,,,,,,1,1,1,1,1,1
2024-11-26,84.27,91875.5699593805,0.99966725495255,,,,,,,,,,1,1,1,1,1,1
2024-11-27,84.41,95989.0802273524,1.00135012382569,,,,,,,,,,1,1,1,1,1,1
2024-11-29,84.48,97398.9417399182,1.00054821806966,,,,,,,,,,1,1,1,1,1,1
2024-12-02,84.74,95726.4417258913,1.00026183783438,,,,,,,,,,1,1,1,1,1,1
2024-12-03,84.68,96010.8774228521,1.00075245458191,,,,,,,,,,1,1,1,1,1,1
2024-12-04,84.69,98920.2528255406,1.00177480367054,,,,,,,,,,1,1,1,1,1,1
2024-12-05,84.68,96949.6644117475,1.00151272056695,,,,,,,,,,1,1,1,1,1,1
2024-12-06,84.67,99953.1056580947,1.00188824924508,,,,,,,,,,1,1,1,1,1,1
2024-12-09,84.72,97390.1988597311,1.00045145614724,,,,,,,,,,1,1,1,1,1,1
2024-12-10,84.84,96835.5017387493,1.00065719845599,,,,,,,,,,1,1,1,1,1,1
2024-12-11,84.8,101310.201899766,1.00081391352507,,,,,,,,,,1,1,1,1,1,1
2024-12-12,84.84,100090.890479544,1.00021199755183,,,,,,,,,,1,1,1,1,1,1
2024-12-13,84.78,101289.823976914,1.00010120725854,,,,,,,,,,1,1,1,1,1,1
2024-12-16,84.89,105855.672229982,1.00025531662341,,,,,,,,,,1,1,1,1,1,1
2024-12-17,84.91,106115.910582992,1.00002490357064,,,,,,,,,,1,1,1,1,1,1
2024-12-18,84.95,100469.770656926,0.999503981940855,,,,,,,,,,1,1,1,1,1,1
2024-12-19,85.09,97697.045779661,0.999084583621837,,,,,,,,,,1,1,1,1,1,1
2024-12-20,85.02,97617.4422051432,0.999615316886277,,,,,,,,,,1,1,1,1,1,1
2024-12-23,85.1,94800.7562060199,0.998796489720667,,,,,,,,,,1,1,1,1,1,1
2024-12-24,85.14,98637.7330543542,0.999333680729854,,,,,,,,,,1,1,1,1,1,1
2024-12-26,85.25,95628.3030902981,0.998782684718554,,,,,,,,,,1,1,1,1,1,1
2024-12-27,85.53,94219.9821461134,0.99841970549687,,,,,,,,,,1,1,1,1,1,1
2024-12-30,85.47,92523.163085038,0.998068489116817,,,,,,,,,,1,1,1,1,1,1
2024-12-31,85.55,93389.7326016949,0.99796943065747,,,,,,,,,,1,1,1,1,1,1
2025-01-02,85.75,96851.393682934,0.998887123464764,,,,,,,,,,1,1,1,1,1,1
2025-01-03,85.75,98120.6846759205,0.99965402451651,,,,,,,,,,1,1,1,1,1,1
2025-01-06,85.7,102179.560366745,1.0003865085152,,,,,,,,,,1,1,1,1,1,1
2025-01-07,85.74,96974.9957857978,0.999888129078212,,,,,,,,,,1,1,1,1,1,1
2025-01-08,85.89,95039.2809210988,0.999761497988301,,,,,,,,,,1,1,1,1,1,1
2025-01-09,85.87,92346.1691589714,0.999973741405987,,,,,,,,,,1,1,1,1,1,1
2025-01-10,85.96,94759.1196358854,0.999861584409932,,,,,,,,,,1,1,1,1,1,1
2025-01-13,86.69,94375.7299102864,0.999600014908266,,,,,,,,,,1,1,1,1,1,1
2025-01-14,86.63,96569.475726768,0.999672789403777,,,,,,,,,,1,1,1,1,1,1
2025-01-15,86.37,100172.405985096,1.00016408264881,,,,,,,,,,1,1,1,1,1,1
2025-01-16,86.57,99977.7298234951,1.00005604856892,,,,,,,,,,1,1,1,1,1,1
2025-01-17,86.55,104296.588034191,1.00044138072994,,,,,,,,,,1,1,1,1,1,1
2025-01-21,86.58,105987.888705435,1.00017812929378,,,,,,,,,,1,1,1,1,1,1
2025-01-22,86.34,103791.128861485,0.999583709151371,,,,,,,,,,1,1,1,1,1,1
2025-01-23,86.42,104184.616743717,1.00012752083493,,,,,,,,,,1,1,1,1,1,1
2025-01-24,86.2,104716.12488194,1.00006277636041,,,,,,,,,,1,1,1,1,1,1
2025-01-27,86.34,101907.44629661,0.999809425690099,,,,,,,,,,1,1,1,1,1,1
2025-01-28,86.52,101138.144066043,0.999402616210807,,,,,,,,,,1,1,1,1,1,1
2025-01-29,86.61,103918.795458796,1.00013959482685,,,,,,,,,,1,1,1,1,1,1
2025-01-30,86.55,104987.446410871,1.00009810425958,,,,,,,,,,1,1,1,1,1,1
2025-01-31,86.54,102263.043670953,1.00002552460729,,,,,,,,,,1,1,1,1,1,1
2025-02-03,87.19,101582.408702221,1.00155784452603,,,,,,,,,,1,1,1,1,1,1
2025-02-04,87.06,97848.1497592051,1.00010779093188,,,,,,,,,,1,1,1,1,1,1
2025-02-05,87.08,96559.3327562829,0.999959595300987,,,,,,,,,,1,1,1,1,1,1
2025-02-06,87.57,96541.3006811806,1.00011640197846,,,,,,,,,,1,1,1,1,1,1
2025-02-07,87.43,96384.1109836353,1.00012882774581,,,,,,,,,,1,1,1,1,1,1
2025-02-10,87.45,97375.2253535944,1.00023642950615,,,,,,,,,,1,1,1,1,1,1
2025-02-11,86.76,95806.2580385739,0.999870878908533,,,,,,,,,,1,1,1,1,1,1
2025-02-12,86.9,97756.4976548802,1.00029117008353,,,,,,,,,,1,1,1,1,1,1
2025-02-13,86.89,96534.7406332554,1.00012885752966,,,,,,,,,,1,1,1,1,1,1
2025-02-14,86.82,97414.3589821742,1.00011686825614,,,,,,,,,,1,1,1,1,1,1
2025-02-18,86.96,95444.031886616,0.999420603247208,,,,,,,,,,1,1,1,1,1,1
2025-02-19,86.96,96647.9132977791,1.00000804993089,,,,,,,,,,1,1,1,1,1,1
2025-02-20,86.65,98392.2197247224,1.00014919142714,,,,,,,,,,1,1,1,1,1,1
2025-02-21,86.7,96048.9937247224,0.999467059347136,,,,,,,,,,1,1,1,1,1,1
2025-02-24,86.72,91869.6543430742,0.999650357694405,,,,,,,,,,1,1,1,1,1,1
2025-02-25,87.2,88769.7356265342,0.999010518638853,,,,,,,,,,1,1,1,1,1,1
2025-02-26,87.2,83987.89564173,0.998498079406401,,,,,,,,,,1,1,1,1,1,1
2025-02-27,87.17,84625.4191364699,0.998764432232263,,,,,,,,,,1,1,1,1,1,1
2025-02-28,87.5,84243.7779114553,0.999394538471631,,,,,,,,,,1,1,1,1,1,1
2025-03-03,87.35,86315.9305511397,0.999296600138368,,,,,,,,,,1,1,1,1,1,1
2025-03-04,87.26,87323.690650789,0.999713954343441,,,,,,,,,,1,1,1,1,1,1
2025-03-05,86.95,90619.4090976038,0.999971261516999,,,,,,,,,,1,1,1,1,1,1
2025-03-06,87.11,90222.0693275862,0.999969652937692,,,,,,,,,,1,1,1,1,1,1
2025-03-07,86.88,86553.5921937464,0.999727334334205,,,,,,,,,,1,1,1,1,1,1
2025-03-10,87.27,79005.9601291642,0.999440095529811,,,,,,,,,,1,1,1,1,1,1
2025-03-11,87.16,82747.1601917008,0.999937546219154,,,,,,,,,,1,1,1,1,1,1
2025-03-12,87.16,83630.1581101695,0.999775824452746,,,,,,,,,,1,1,1,1,1,1
2025-03-13,87.0,81110.2890490941,0.999540050451255,,,,,,,,,,1,1,1,1,1,1
2025-03-14,87.0,84105.8335517241,1.00017085602687,,,,,,,,,,1,1,1,1,1,1
2025-03-17,86.79,84013.947518118,1.00000041488275,,,,,,,,,,1,1,1,1,1,1
2025-03-18,86.5,82680.8065514319,0.99974824652304,,,,,,,,,,1,1,1,1,1,1
2025-03-19,86.43,86774.23507218,1.00031387091543,,,,,,,,,,1,1,1,1,1,1
2025-03-20,86.31,84124.9712878434,0.999445376089846,,,,,,,,,,1,1,1,1,1,1
2025-03-21,86.01,84069.4081800117,0.999695319036041,,,,,,,,,,1,1,1,1,1,1
2025-03-24,85.56,87322.5718568089,1.00023055826598,,,,,,,,,,1,1,1,1,1,1
2025-03-25,85.77,87422.8426084161,1.00033465380944,,,,,,,,,,1,1,1,1,1,1
2025-03-26,85.71,86836.6760955582,1.00007743453769,,,,,,,,,,1,1,1,1,1,1
2025-03-27,85.79,87211.3240169492,0.999869215188789,,,,,,,,,,1,1,1,1,1,1
2025-03-28,85.51,84309.0783550555,0.999538725419767,,,,,,,,,,1,1,1,1,1,1
2025-03-31,85.43,82461.4496279953,0.999803740042867,,,,,,,,,,1,1,1,1,1,1
2025-04-01,85.46,85226.7137936879,1.00001120736082,,,,,,,,,,1,1,1,1,1,1
2025-04-02,85.52,82555.631296318,0.999602416693565,,,,,,,,,,1,1,1,1,1,1
2025-04-03,85.44,82931.697399474,0.99955106780334,,,,,,,,,,1,1,1,1,1,1
2025-04-04,85.24,83774.1797375804,0.999596781808543,,,,,,,,,,1,1,1,1,1,1
2025-04-07,85.85,79421.8044105786,0.999661463681343,,,,,,,,,,1,1,1,1,1,1
2025-04-08,86.24,76351.4295303916,0.998968787357337,,,,,,,,,,1,1,1,1,1,1
2025-04-09,86.64,82720.6034891876,0.999520411762512,,,,,,,,,,1,1,1,1,1,1
2025-04-10,86.69,79558.9558252484,0.999447044539579,,,,,,,,,,1,1,1,1,1,1
2025-04-11,86.06,83359.8995157802,0.999592238927969,,,,,,,,,,1,1,1,1,1,1
2025-04-14,86.02,84589.0324135009,0.999917321251603,,,,,,,,,,1,1,1,1,1,1
2025-04-15,85.76,83671.3439713618,0.999855750822732,,,,,,,,,,1,1,1,1,1,1
2025-04-16,85.67,84151.5357562829,1.00008708252202,,,,,,,,,,1,1,1,1,1,1
2025-04-17,85.37,84940.5838538866,1.0001066011932,,,,,,,,,,1,1,1,1,1,1
2025-04-18,85.43,84434.7727463472,0.99992778338014,,,,,,,,,,1,1,1,1,1,1
2025-04-21,85.18,87360.7198933372,0.999962111919698,,,,,,,,,,1,1,1,1,1,1
2025-04-22,85.19,93495.6106890707,1.00038885029354,,,,,,,,,,1,1,1,1,1,1
2025-04-23,85.42,93695.7404772063,1.00053073548453,,,,,,,,,,1,1,1,1,1,1
2025-04-24,85.3,93849.8817790766,1.00045781342181,,,,,,,,,,1,1,1,1,1,1
2025-04-25,85.43,94771.4128007014,1.00070860748235,,,,,,,,,,1,1,1,1,1,1
2025-04-28,85.02,95066.0211867329,1.00026936558872,,,,,,,,,,1,1,1,1,1,1
2025-04-29,85.27,94102.8403024547,1.00022075610444,,,,,,,,,,1,1,1,1,1,1
2025-04-30,84.49,94236.7325143191,1.00018338552908,,,,,,,,,,1,1,1,1,1,1
2025-05-01,84.58,96411.7422635885,1.00037305838627,,,,,,,,,,1,1,1,1,1,1
2025-05-02,84.5,96842.1021057861,1.00046954629016,,,,,,,,,,1,1,1,1,1,1
2025-05-05,84.27,94853.7298594389,0.999942362470404,,,,,,,,,,1,1,1,1,1,1
2025-05-06,84.45,96677.9245029223,1.00004575527019,,,,,,,,,,1,1,1,1,1,1
2025-05-07,84.82,97137.3757086499,1.00027138659847,,,,,,,,,,1,1,1,1,1,1
2025-05-08,85.67,103069.539295733,0.999898435268012,,,,,,,,,,1,1,1,1,1,1
2025-05-09,85.38,102940.802949445,1.00009933007466,,,,,,,,,,1,1,1,1,1,1
2025-05-12,85.38,102920.074689071,0.999913124752355,,,,,,,,,,1,1,1,1,1,1
2025-05-13,85.35,104145.711825248,1.00022127241032,,,,,,,,,,1,1,1,1,1,1
2025-05-14,85.29,103572.719642022,1.00000118374739,,,,,,,,,,1,1,1,1,1,1
2025-05-15,85.52,103716.283947399,0.999987812351445,,,,,,,,,,1,1,1,1,1,1
2025-05-16,85.49,103566.269191116,1.00032544027722,,,,,,,,,,1,1,1,1,1,1
2025-05-19,85.37,105615.828960257,1.00019574350245,,,,,,,,,,1,1,1,1,1,1
2025-05-20,85.63,106893.330247516,1.00035834447312,,,,,,,,,,1,1,1,1,1,1
2025-05-21,85.65,109704.855619521,1.00031695880165,,,,,,,,,,1,1,1,1,1,1
2025-05-22,85.97,111477.014787843,1.00025743893975,,,,,,,,,,1,1,1,1,1,1
2025-05-23,85.17,107291.888969901,1.00010012648654,,,,,,,,,,1,1,1,1,1,1
2025-05-27,85.3,109066.345636762,1.00042106588112,,,,,,,,,,1,1,1,1,1,1
2025-05-28,85.39,107895.402399474,0.999824288115004,,,,,,,,,,1,1,1,1,1,1
2025-05-29,85.49,105732.957892168,1.00002746958855,,,,,,,,,,1,1,1,1,1,1
2025-05-30,85.5,103981.302957919,1.00042208824247,,,,,,,,,,1,1,1,1,1,1
2025-06-02,85.33,105899.696926651,1.00041631592188,,,,,,,,,,1,1,1,1,1,1
2025-06-03,85.59,105483.98555114,1.00069845704496,,,,,,,,,,1,1,1,1,1,1
2025-06-04,85.85,104782.844900351,1.00061857840915,,,,,,,,,,1,1,1,1,1,1
2025-06-05,85.8,101669.190496785,1.00061076478466,,,,,,,,,,1,1,1,1,1,1
2025-06-06,85.66,104421.051549094,1.00082860552584,,,,,,,,,,1,1,1,1,1,1
2025-06-09,85.64,110198.15871391,0.99989892033528,,,,,,,,,,1,1,1,1,1,1
2025-06-10,85.57,110074.119081824,1.00009788641797,,,,,,,,,,1,1,1,1,1,1
2025-06-11,85.51,108645.785558153,1.0003163550374,,,,,,,,,,1,1,1,1,1,1
2025-06-12,85.55,105998.985830801,1.00046275988312,,,,,,,,,,1,1,1,1,1,1
2025-06-13,86.08,106024.822087376,1.00046271298774,,,,,,,,,,1,1,1,1,1,1
2025-06-16,86.05,107243.933345997,1.00075614009384,,,,,,,,,,1,1,1,1,1,1
2025-06-17,86.29,104628.396527469,1.00018361197166,,,,,,,,,,1,1,1,1,1,1
2025-06-18,86.49,104813.367028638,1.00026380364439,,,,,,,,,,1,1,1,1,1,1
2025-06-20,86.58,103274.958839567,1.00026170782955,,,,,,,,,,1,1,1,1,1,1
2025-06-23,86.73,105496.947495324,1.00081314249417,,,,,,,,,,1,1,1,1,1,1
2025-06-24,85.92,105964.065136762,1.00043982207019,,,,,,,,,,1,1,1,1,1,1
2025-06-25,86.04,107305.065199591,1.0005456912745,,,,,,,,,,1,1,1,1,1,1
2025-06-26,85.66,107012.822824079,1.00052856211647,,,,,,,,,,1,1,1,1,1,1
2025-06-27,85.45,107090.95905114,1.00058151039337,,,,,,,,,,1,1,1,1,1,1
2025-06-30,85.74,107153.101135885,1.00023557533935,,,,,,,,,,1,1,1,1,1,1
2025-07-01,85.58,105566.356597896,1.00034385339647,,,,,,,,,,1,1,1,1,1,1
2025-07-02,85.7,108927.13451841,1.00039990384576,,,,,,,,,,1,1,1,1,1,1
2025-07-03,85.3,109632.159126826,1.00035736586124,,,,,,,,,,1,1,1,1,1,1
2025-07-07,85.86,108249.401004091,1.00000910429607,,,,,,,,,,1,1,1,1,1,1
2025-07-08,85.75,108956.631703098,1.00026655148527,,,,,,,,,,1,1,1,1,1,1
2025-07-09,85.69,111416.806720047,1.00062408938776,,,,,,,,,,1,1,1,1,1,1
2025-07-10,85.65,115873.903783752,1.0002663454436,,,,,,,,,,1,1,1,1,1,1
2025-07-11,85.8,117618.605087084,1.00042630622096,,,,,,,,,,1,1,1,1,1,1
2025-07-14,85.99,119871.096197838,1.00021491343035,,,,,,,,,,1,1,1,1,1,1
2025-07-15,85.82,117710.89100789,1.000177513135,,,,,,,,,,1,1,1,1,1,1
2025-07-16,85.96,118730.187791642,1.00046157391935,,,,,,,,,,1,1,1,1,1,1
2025-07-17,86.08,119501.663770894,1.00082465241697,,,,,,,,,,1,1,1,1,1,1
2025-07-18,86.1,117958.511213033,1.00094265252602,,,,,,,,,,1,1,1,1,1,1
2025-07-21,86.3,117432.435634717,1.00036513925578,,,,,,,,,,1,1,1,1,1,1
2025-07-22,86.37,120068.00578872,1.00051473367772,,,,,,,,,,1,1,1,1,1,1
2025-07-23,86.41,118650.587165693,1.00042727025375,,,,,,,,,,1,1,1,1,1,1
2025-07-24,86.39,118377.081936879,1.00069798405263,,,,,,,,,,1,1,1,1,1,1
2025-07-25,86.48,117520.17335038,1.00016714986188,,,,,,,,,,1,1,1,1,1,1
2025-07-28,86.67,118022.637320281,1.00000450864258,,,,,,,,,,1,1,1,1,1,1
2025-07-29,86.83,117871.370895383,0.999864899434543,,,,,,,,,,1,1,1,1,1,1
2025-07-30,87.44,117732.643660725,0.999891246401273,,,,,,,,,,1,1,1,1,1,1
2025-07-31,87.6,115848.339985096,0.999927466766055,,,,,,,,,,1,1,1,1,1,1
2025-08-01,87.54,113282.144336061,0.999630888457533,,,,,,,,,,1,1,1,1,1,1
2025-08-04,87.63,115199.933659264,1.0000198554289,,,,,,,,,,1,1,1,1,1,1
2025-08-05,87.8,114111.36101841,0.999873680275854,,,,,,,,,,1,1,1,1,1,1
2025-08-06,87.71,115034.678748977,1.00017196210108,,,,,,,,,,1,1,1,1,1,1
2025-08-07,87.71,117444.913924313,1.00030992984808,,,,,,,,,,1,1,1,1,1,1
2025-08-08,87.67,116740.687720923,1.00005403043988,,,,,,,,,,1,1,1,1,1,1
2025-08-11,87.63,118742.043048644,1.00012372224279,,,,,,,,,,1,1,1,1,1,1
2025-08-12,87.71,120154.32493507,0.999675143982236,,,,,,,,,,1,1,1,1,1,1
2025-08-13,87.48,123442.67982225,1.00056656998959,,,,,,,,,,1,1,1,1,1,1
2025-08-14,87.56,118510.27128083,1.00080769348078,,,,,,,,,,1,1,1,1,1,1
2025-08-15,87.56,117311.209947715,1.00062990064053,,,,,,,,,,1,1,1,1,1,1
2025-08-18,87.3,116312.914397989,1.00057036865066,,,,,,,,,,1,1,1,1,1,1
2025-08-19,87.02,112886.10147543,1.00005770693779,,,,,,,,,,1,1,1,1,1,1
2025-08-20,87.02,114277.320860316,1.00005602203852,,,,,,,,,,1,1,1,1,1,1
2025-08-21,87.31,112347.102298302,0.999916352821284,,,,,,,,,,1,1,1,1,1,1
2025-08-22,87.53,116800.977035073,0.999704711484483,,,,,,,,,,1,1,1,1,1,1
2025-08-25,87.55,110089.533314144,1.00021183806169,,,,,,,,,,1,1,1,1,1,1
2025-08-26,87.68,111895.295495307,1.00016441131309,,,,,,,,,,1,1,1,1,1,1
2025-08-27,87.74,111252.307236061,0.999987251136804,,,,,,,,,,1,1,1,1,1,1
2025-08-28,87.63,112481.152904109,1.00003118513041,,,,,,,,,,1,1,1,1,1,1
2025-08-29,88.18,108473.330441642,1.00004876848954,,,,,,,,,,1,1,1,1,1,1
2025-09-02,88.15,111140.947159836,0.999968211949238,,,,,,,,,,1,1,1,1,1,1
2025-09-03,88.06,111780.743587376,1.00035716603019,,,,,,,,,,1,1,1,1,1,1
2025-09-04,88.17,110900.633412981,1.00006067827768,,,,,,,,,,1,1,1,1,1,1
2025-09-05,88.25,110711.229484804,1.00005685607508,,,,,,,,,,1,1,1,1,1,1
2025-09-08,88.25,112112.311575102,1.00009831128769,,,,,,,,,,1,1,1,1,1,1
2025-09-09,88.12,111486.396779836,0.999932205614429,,,,,,,,,,1,1,1,1,1,1
2025-09-10,88.09,113930.748423437,1.00016383104953,,,,,,,,,,1,1,1,1,1,1
2025-09-11,88.44,115445.812932648,1.0003153258275,,,,,,,,,,1,1,1,1,1,1
2025-09-12,88.28,116149.174031958,1.00039974522421,,,,,,,,,,1,1,1,1,1,1
2025-09-15,88.22,115420.931814144,1.00027243637659,,,,,,,,,,1,1,1,1,1,1
2025-09-16,88.05,116798.867050906,1.00037409659476,,,,,,,,,,1,1,1,1,1,1
2025-09-17,87.77,116575.777628866,1.00031189435384,,,,,,,,,,1,1,1,1,1,1
2025-09-18,88.17,117014.426762174,1.00036739443154,,,,,,,,,,1,1,1,1,1,1
2025-09-19,88.06,115612.372541695,1.00049026325555,,,,,,,,,,1,1,1,1,1,1
2025-09-22,88.29,112727.70773813,1.00069762034937,,,,,,,,,,1,1,1,1,1,1
2025-09-23,88.76,112052.393282022,1.00020943180046,,,,,,,,,,1,1,1,1,1,1
2025-09-24,88.73,113324.623592192,1.00033938807813,,,,,,,,,,1,1,1,1,1,1
2025-09-25,88.7,109166.347974874,1.00037852933439,,,,,,,,,,1,1,1,1,1,1
2025-09-26,88.65,109669.102166861,1.00051396842403,,,,,,,,,,1,1,1,1,1,1
2025-09-29,88.76,114341.141435418,1.00055185745903,,,,,,,,,,1,1,1,1,1,1
2025-09-30,88.78,113971.742796902,1.00010450641683,,,,,,,,,,1,1,1,1,1,1
2025-10-01,88.69,118393.270386324,1.00043826914171,,,,,,,,,,1,1,1,1,1,1
2025-10-02,88.74,120558.594007013,1.00064542992641,,,,,,,,,,1,1,1,1,1,1
2025-10-03,88.78,122348.127640269,1.00067986015708,,,,,,,,,,1,1,1,1,1,1
2025-10-06,88.79,124824.453666861,1.00043335879341,,,,,,,,,,1,1,1,1,1,1
2025-10-07,88.72,121587.699236704,1.00058680240769,,,,,,,,,,1,1,1,1,1,1
2025-10-08,88.77,123390.353094682,1.00028670042936,,,,,,,,,,1,1,1,1,1,1
2025-10-09,88.84,121603.33278609,1.00047277548507,,,,,,,,,,1,1,1,1,1,1
2025-10-10,88.72,113754.852328171,1.00216737541411,,,,,,,,,,1,1,1,1,1,1
2025-10-14,88.76,113327.079410286,1.00043530389476,,,,,,,,,,1,1,1,1,1,1
2025-10-15,87.98,110862.872485389,1.00053080206879,,,,,,,,,,1,1,1,1,1,1
2025-10-16,87.81,108135.049605786,1.00012805706772,,,,,,,,,,1,1,1,1,1,1
2025-10-17,87.99,106625.668651373,1.00036553639906,,,,,,,,,,1,1,1,1,1,1
2025-10-20,87.92,110640.249515488,1.00027447143619,,,,,,,,,,1,1,1,1,1,1
2025-10-21,87.97,108700.382071888,1.00055966534196,,,,,,,,,,1,1,1,1,1,1
2025-10-22,87.92,107667.630188486,0.999825625691956,,,,,,,,,,1,1,1,1,1,1
2025-10-23,87.85,110060.936797195,1.00041543897289,,,,,,,,,,1,1,1,1,1,1
2025-10-24,87.83,111024.94314699,1.00023808447602,,,,,,,,,,1,1,1,1,1,1
2025-10-27,88.24,114087.773805085,0.999851703083338,,,,,,,,,,1,1,1,1,1,1
2025-10-28,88.21,112980.685846289,1.00018156785796,,,,,,,,,,1,1,1,1,1,1
2025-10-29,88.2,110206.347983051,1.00018228321821,,,,,,,,,,1,1,1,1,1,1
2025-10-30,88.64,108019.723841905,0.999816242157915,,,,,,,,,,1,1,1,1,1,1
2025-10-31,88.75,109554.239627703,0.999683789083884,,,,,,,,,,1,1,1,1,1,1
2025-11-03,88.78,106495.802789889,0.999625720040815,,,,,,,,,,1,1,1,1,1,1
2025-11-04,88.67,101349.73723232,0.999931178361668,,,,,,,,,,1,1,1,1,1,1
2025-11-05,88.66,103915.88479135,0.999907057785924,,,,,,,,,,1,1,1,1,1,1
2025-11-06,88.65,101241.573677966,0.999350727741582,,,,,,,,,,1,1,1,1,1,1
2025-11-07,88.68,103428.471746932,0.999550162686364,,,,,,,,,,1,1,1,1,1,1
2025-11-10,88.7,106082.478156926,0.999730936392781,,,,,,,,,,1,1,1,1,1,1
2025-11-12,88.58,101682.126652835,0.9999061954909,,,,,,,,,,1,1,1,1,1,1
2025-11-13,88.66,100035.310145237,0.999307114350003,,,,,,,,,,1,1,1,1,1,1
2025-11-14,88.74,94502.5476025716,0.9990219296156,,,,,,,,,,1,1,1,1,1,1
2025-11-17,88.58,91911.4713471654,0.998743130962806,,,,,,,,,,1,1,1,1,1,1
2025-11-18,88.6,92836.4419111631,0.999443126011689,,,,,,,,,,1,1,1,1,1,1
2025-11-19,88.58,91320.4811332554,0.999015117343629,,,,,,,,,,1,1,1,1,1,1
2025-11-20,88.69,86911.2980590298,0.998752618588769,,,,,,,,,,1,1,1,1,1,1
2025-11-21,89.54,84948.0463205727,0.999283760761136,,,,,,,,,,1,1,1,1,1,1
2025-11-24,89.23,88377.6024421391,0.999662640305316,,,,,,,,,,1,1,1,1,1,1
2025-11-25,89.16,87434.550610754,0.999681272449098,,,,,,,,,,1,1,1,1,1,1
2025-11-26,89.27,90449.2770675044,0.999844149444783,,,,,,,,,,1,1,1,1,1,1
2025-11-28,89.43,90990.1266104617,1.00017387839549,,,,,,,,,,1,1,1,1,1,1
2025-12-01,89.59,86504.6368156049,1.00008399628502,,,,,,,,,,1,1,1,1,1,1
2025-12-02,89.92,91528.0245809468,1.00034878610368,,,,,,,,,,1,1,1,1,1,1
2025-12-03,90.15,93609.0938658679,1.00019625010263,,,,,,,,,,1,1,1,1,1,1
2025-12-04,89.97,92205.5929544126,1.00025421133231,,,,,,,,,,1,1,1,1,1,1
2025-12-05,89.97,89279.8344634717,1.00021110857425,,,,,,,,,,1,1,1,1,1,1
2025-12-08,90.12,90673.1444436003,1.00011833551115,,,,,,,,,,1,1,1,1,1,1
2025-12-09,89.9,92808.8518477498,1.00007996010935,,,,,,,,,,1,1,1,1,1,1
2025-12-10,89.98,92102.9300917592,1.00025315111602,,,,,,,,,,1,1,1,1,1,1
2025-12-11,90.35,92623.7198708358,1.00023463246666,,,,,,,,,,1,1,1,1,1,1
2025-12-12,90.41,90331.6083091759,1.00015804507786,,,,,,,,,,1,1,1,1,1,1
2025-12-15,90.7,86352.5802565751,0.999787673176597,,,,,,,,,,1,1,1,1,1,1
2025-12-16,91.03,87752.4290336061,0.999777982740033,,,,,,,,,,1,1,1,1,1,1
2025-12-17,90.4,86059.5522241379,0.999573120271694,,,,,,,,,,1,1,1,1,1,1
2025-12-18,90.25,85434.1928673291,0.999370662515016,,,,,,,,,,1,1,1,1,1,1
2025-12-19,89.54,88168.0738325541,0.999482255833468,,,,,,,,,,1,1,1,1,1,1
2025-12-22,89.64,88474.4622331969,0.999280647062949,,,,,,,,,,1,1,1,1,1,1
2025-12-23,89.67,87365.9937872589,0.999188623524804,,,,,,,,,,1,1,1,1,1,1
2025-12-24,89.81,87625.6707895967,0.999233693850821,,,,,,,,,,1,1,1,1,1,1
2025-12-26,89.78,87334.8077808299,0.9992118807276,,,,,,,,,,1,1,1,1,1,1
2025-12-29,89.97,87133.5103991818,0.998635531461899,,,,,,,,,,1,1,1,1,1,1
2025-12-30,89.78,88428.4922735243,0.99896835945715,,,,,,,,,,1,1,1,1,1,1
2025-12-31,89.84,87516.9780376972,0.998274736596596,,,,,,,,,,1,1,1,1,1,1
2026-01-02,90.19,89940.1801671537,0.999652266263416,,,,,,,,,,1,1,1,1,1,1
2026-01-05,90.28,93948.5821794272,1.00005573823165,,,,,,,,,,1,1,1,1,1,1
2026-01-06,90.18,93574.2871122151,0.999562697009207,,,,,,,,,,1,1,1,1,1,1
2026-01-07,89.9,91208.9562606663,0.998995235087753,,,,,,,,,,1,1,1,1,1,1
2026-01-08,90.02,91096.9161554647,0.999279814622393,,,,,,,,,,1,1,1,1,1,1
2026-01-09,90.16,90539.6032288136,0.998546407251765,,,,,,,,,,1,1,1,1,1,1
2026-01-12,90.12,91141.1498489188,0.998864273260141,,,,,,,,,,1,1,1,1,1,1
2026-01-13,90.19,95304.4982942724,0.999717871809238,,,,,,,,,,1,1,1,1,1,1
2026-01-14,90.24,97043.9927258913,1.00007237501312,,,,,,,,,,1,1,1,1,1,1
2026-01-15,90.26,95546.1397381648,0.9995407251129,,,,,,,,,,1,1,1,1,1,1
2026-01-16,90.87,95489.1299602572,0.999531760539069,,,,,,,,,,1,1,1,1,1,1
2026-01-20,91.01,88236.5631922852,0.998812278540553,,,,,,,,,,1,1,1,1,1,1
2026-01-21,91.68,89599.361874927,0.999155667822359,,,,,,,,,,1,1,1,1,1,1
2026-01-22,91.62,89395.700735827,0.998924952431251,,,,,,,,,,1,1,1,1,1,1
2026-01-23,91.95,89439.7718909994,0.998728824542077,,,,,,,,,,1,1,1,1,1,1
2026-01-26,91.95,88337.4545511397,0.99887275024165,,,,,,,,,,1,1,1,1,1,1
2026-01-27,91.72,89260.3805397429,0.998780254225559,,,,,,,,,,1,1,1,1,1,1
2026-01-28,91.78,89177.7892507306,0.998466359579322,,,,,,,,,,1,1,1,1,1,1
2026-01-29,91.95,84520.3973106371,0.998429272043999,,,,,,,,,,1,1,1,1,1,1
2026-01-30,91.98,84017.0340292227,0.998237861286511,,,,,,,,,,1,1,1,1,1,1
2026-02-02,91.51,78716.6018088837,0.999179313939627,,,,,,,,,,1,1,1,1,1,1
2026-02-03,90.3,75684.7660277616,0.998887196975782,,,,,,,,,,1,1,1,1,1,1
2026-02-04,90.36,73095.1914646406,0.997712436749937,,,,,,,,,,1,1,1,1,1,1
2026-02-05,90.33,63494.6884456458,0.998284651202327,,,,,,,,,,1,1,1,1,1,1
2026-02-06,90.65,70647.6982188778,0.999488928592587,,,,,,,,,,1,1,1,1,1,1
2026-02-09,90.77,70244.1017773232,0.999490161446771,,,,,,,,,,1,1,1,1,1,1
2026-02-10,90.57,68688.793113384,0.999341623285943,,,,,,,,,,1,1,1,1,1,1
2026-02-11,90.69,66989.7165920514,0.99923604788232,,,,,,,,,,1,1,1,1,1,1
2026-02-12,90.63,66221.5443115137,0.999039003536759,,,,,,,,,,1,1,1,1,1,1
2026-02-13,90.64,68860.8411633548,0.99941420999078,,,,,,,,,,1,1,1,1,1,1
2026-02-17,90.63,67471.0508465809,0.999473922100526,,,,,,,,,,1,1,1,1,1,1
2026-02-18,90.7,66380.7069611339,0.999412158450777,,,,,,,,,,1,1,1,1,1,1
2026-02-19,90.68,66932.3522118644,0.999544783946194,,,,,,,,,,1,1,1,1,1,1
2026-02-20,90.98,67977.3092612507,0.999643416684718,,,,,,,,,,1,1,1,1,1,1
2026-02-23,90.88,64689.9123308007,0.999708033703435,,,,,,,,,,1,1,1,1,1,1
2026-02-24,90.95,64123.7510780245,1.00010994939651,,,,,,,,,,1,1,1,1,1,1
2026-02-25,90.95,68038.5221794272,1.00008504848832,,,,,,,,,,1,1,1,1,1,1
2026-02-26,90.92,67519.2645292227,1.00007826975376,,,,,,,,,,1,1,1,1,1,1
2026-02-27,91.03,65864.1358170661,0.999922614496653,,,,,,,,,,1,1,1,1,1,1
2026-03-02,91.47,68922.6242974869,1.00016266557156,,,,,,,,,,1,1,1,1,1,1
2026-03-03,91.47,68431.1740306838,1.00002081387349,,,,,,,,,,1,1,1,1,1,1
2026-03-04,92.08,72667.4630575687,1.00022717983252,,,,,,,,,,1,1,1,1,1,1
2026-03-05,91.58,70987.427176505,1.00011500472986,,,,,,,,,,1,1,1,1,1,1
2026-03-06,91.73,68226.7053927528,0.999981257630057,,,,,,,,,,1,1,1,1,1,1
2026-03-09,92.31,68528.5384699007,1.00009841623132,,,,,,,,,,1,1,1,1,1,1
2026-03-10,91.85,69891.8238576856,1.00017665686667,,,,,,,,,,1,1,1,1,1,1
2026-03-11,92.03,70298.5753530099,1.00011674710449,,,,,,,,,,1,1,1,1,1,1
2026-03-12,92.18,70538.1074623027,0.999979008614079,,,,,,,,,,1,1,1,1,1,1
2026-03-13,92.47,70930.0132793688,1.0001720639888,,,,,,,,,,1,1,1,1,1,1
2026-03-16,92.42,74723.9575534775,1.00013879085707,,,,,,,,,,1,1,1,1,1,1
2026-03-17,92.36,74086.013609585,1.00038016854671,,,,,,,,,,1,1,1,1,1,1
2026-03-18,92.87,71253.9579275278,0.999943950941577,,,,,,,,,,1,1,1,1,1,1
2026-03-19,92.62,69948.9048267095,1.00004023671732,,,,,,,,,,1,1,1,1,1,1
2026-03-20,93.73,70510.4196797194,0.999872590369928,,,,,,,,,,1,1,1,1,1,1
2026-03-23,93.96,70726.2110461718,0.999649104371499,,,,,,,,,,1,1,1,1,1,1
2026-03-24,93.86,70610.0187121566,0.999586837876981,,,,,,,,,,1,1,1,1,1,1
2026-03-25,93.97,71281.2973921683,0.999644019371262,,,,,,,,,,1,1,1,1,1,1
2026-03-26,93.97,68722.9718366452,0.999245332633451,,,,,,,,,,1,1,1,1,1,1
2026-03-27,94.83,66214.1715134424,0.999220377305988,,,,,,,,,,1,1,1,1,1,1
2026-03-30,94.41,66651.2320037989,0.999117297459909,,,,,,,,,,1,1,1,1,1,1
2026-03-31,93.83,68214.8680388662,0.998991434038037,,,,,,,,,,1,1,1,1,1,1
2026-04-01,93.21,68116.8167933957,0.999942067593929,,,,,,,,,,1,1,1,1,1,1
2026-04-02,93.09,66908.3179918177,0.999918371882843,,,,,,,,,,1,1,1,1,1,1
2026-04-03,93.09,66891.7422279369,0.999879071275969,,,,,,,,,,1,1,1,1,1,1
2026-04-06,93.06,68742.9133085915,0.999971104428728,,,,,,,,,,1,1,1,1,1,1
2026-04-07,92.96,72057.1243614845,0.99994452036738,,,,,,,,,,1,1,1,1,1,1
2026-04-08,92.25,71085.0583702513,1.00011570980913,,,,,,,,,,1,1,1,1,1,1
2026-04-09,92.69,71788.6797825833,1.00015923703406,,,,,,,,,,1,1,1,1,1,1
2026-04-10,92.72,72945.0707241379,1.00041634299058,,,,,,,,,,1,1,1,1,1,1
2026-04-13,93.39,74632.7455856224,1.00022685393075,,,,,,,,,,1,1,1,1,1,1
2026-04-14,93.37,74173.5083603156,1.00051915989585,,,,,,,,,,1,1,1,1,1,1
2026-04-15,93.37,74761.964654588,1.00028964724846,,,,,,,,,,1,1,1,1,1,1
2026-04-16,93.2,75095.7442159556,1.00016967993161,,,,,,,,,,1,1,1,1,1,1
2026-04-17,92.9,77114.481438048,1.00034121788154,,,,,,,,,,1,1,1,1,1,1
2026-04-20,93.13,75814.1453237873,1.00033631621829,,,,,,,,,,1,1,1,1,1,1
2026-04-21,93.5,76107.4432977791,1.00014453315964,,,,,,,,,,1,1,1,1,1,1
2026-04-22,93.79,78317.7422720631,1.00036537400433,,,,,,,,,,1,1,1,1,1,1
2026-04-23,94.11,78233.6837492694,1.0003220748044,,,,,,,,,,1,1,1,1,1,1
2026-04-24,94.25,77444.269277031,1.00049732612881,,,,,,,,,,1,1,1,1,1,1
2026-04-27,94.19,77256.297159848,0.999943154971686,,,,,,,,,,1,1,1,1,1,1
2026-04-28,94.54,76295.531117183,0.999750737381715,,,,,,,,,,1,1,1,1,1,1
2026-04-29,94.85,75795.0098530099,0.999576884594995,,,,,,,,,,1,1,1,1,1,1
2026-04-30,94.91,76299.6161285798,0.999490505462851,,,,,,,,,,1,1,1,1,1,1
2026-05-01,94.9,78132.6437852133,0.999942057201447,,,,,,,,,,1,1,1,1,1,1
2026-05-04,95.09,79826.107817066,0.99980921614193,,,,,,,,,,1,1,1,1,1,1
2026-05-05,95.32,80936.7548252484,0.999888473236714,,,,,,,,,,1,1,1,1,1,1
2026-05-06,94.61,81364.6201285798,0.999961741084214,,,,,,,,,,1,1,1,1,1,1
2026-05-07,94.25,79988.9987343659,0.9999157376471,,,,,,,,,,1,1,1,1,1,1
2026-05-08,94.49,80179.6922957335,0.999950891035462,,,,,,,,,,1,1,1,1,1,1
2026-05-11,95.31,81714.7420499708,0.99975366894185,,,,,,,,,,1,1,1,1,1,1
2026-05-12,95.63,80525.563024547,0.999846417060228,,,,,,,,,,1,1,1,1,1,1
2026-05-13,95.69,79291.9110017534,0.999633345309844,,,,,,,,,,1,1,1,1,1,1
2026-05-14,95.76,81175.8271116306,0.999957761964515,,,,,,,,,,1,1,1,1,1,1
2026-05-15,95.97,79063.4145756868,0.999352734438286,,,,,,,,,,1,1,1,1,1,1
2026-05-18,96.35,76975.9111998831,0.999291979592847,,,,,,,,,,1,1,1,1,1,1
2026-05-19,96.53,76807.460956166,0.999076355030587,,,,,,,,,,1,1,1,1,1,1
2026-05-20,96.82,77408.1722089421,0.999030135147079,,,,,,,,,,1,1,1,1,1,1
2026-05-21,96.2,77595.3861717446,0.999045517414545,,,,,,,,,,1,1,1,1,1,1
2026-05-22,95.69,75567.5430431093,0.998805292757548,,,,,,,,,,1,1,1,1,1,1
2026-05-26,95.68,,,,,,,,,,,,1,1,1,1,1,1
2026-05-27,95.69,,,,,,,,,,,,1,1,1,1,1,1
2026-05-28,95.69,,,,,,,,,,,,1,1,1,1,1,1
2026-05-29,95.0,,,,,,,,,,,,1,1,1,1,1,1
2026-06-01,94.99,,,,,,,,,,,,1,1,1,1,1,1
2026-06-02,95.27,,,,,,,,,,,,1,1,1,1,1,1
2026-06-03,95.71,,,,,,,,,,,,1,1,1,1,1,1
2026-06-04,95.79,,,,,,,,,,,,1,1,1,1,1,1
2026-06-05,94.95,,,,,,,,,,,,1,1,1,1,1,1
2026-06-08,95.71,,,,,,,,,,,,1,1,1,1,1,1
2026-06-09,95.35,,,,,,,,,,,,1,1,1,1,1,1
2026-06-10,95.27,,,,,,,,,,,,1,1,1,1,1,1
2026-06-11,95.76,,,,,,,,,,,,1,1,1,1,1,1
2026-06-12,95.11,,,,,,,,,,,,1,1,1,1,1,1
2026-06-15,94.71,,,,,,,,,,,,1,1,1,1,1,1
2026-06-16,94.62,,,,,,,,,,,,1,1,1,1,1,1
2026-06-17,94.53,,,,,,,,,,,,1,1,1,1,1,1
2026-06-18,94.33,,,,,,,,,,,,1,1,1,1,1,1
2026-06-22,94.68,,,,,,,,,,,,1,1,1,1,1,1
2026-06-23,94.74,,,,,,,,,,,,1,1,1,1,1,1
2026-06-24,94.67,,,,,,,,,,,,1,1,1,1,1,1
2026-06-25,94.4,,,,,,,,,,,,1,1,1,1,1,1
2026-06-26,94.37,,,,,,,,,,,,1,1,1,1,1,1
2026-06-29,94.54,,,,,,,,,,,,1,1,1,1,1,1
2026-06-30,94.66,,,,,,,,,,,,1,1,1,1,1,1
2026-07-01,95.25,,,,,,,,,,,,1,1,1,1,1,1
2026-07-02,95.39,,,,,,,,,,,,1,1,1,1,1,1
2026-07-06,95.4,,,,,,,,,,,,1,1,1,1,1,1
2026-07-07,94.97,,,,,,,,,,,,1,1,1,1,1,1
2026-07-08,95.56,,,,,,,,,,,,1,1,1,1,1,1
2026-07-09,95.39,,,,,,,,,,,,1,1,1,1,1,1
2026-07-10,95.33,,,,,,,,,,,,1,1,1,1,1,1
2026-07-13,95.62,,,,,,,,,,,,1,1,1,1,1,1
2026-07-14,96.2,,,,,,,,,,,,1,1,1,1,1,1
2026-07-15,96.26,,,,,,,,,,,,1,1,1,1,1,1
2026-07-16,96.35,,,,,,,,,,,,1,1,1,1,1,1
2026-07-17,96.28,,,,,,,,,,,,1,1,1,1,1,1
2026-07-20,96.45,,,,,,,,,,,,1,1,1,1,1,1
2026-07-21,96.24,,,,,,,,,,,,1,1,1,1,1,1
2026-07-22,96.57,,,,,,,,,,,,1,1,1,1,1,1
2026-07-23,96.57,,,,,,,,,,,,1,1,1,1,1,1
2026-07-24,96.56,,,,,,,,,,,,1,1,1,1,1,1
2026-07-27,95.91,,,,,,,,,,,,1,1,1,1,1,1
2026-07-28,95.85,,,,,,,,,,,,1,1,1,1,1,1
2026-07-29,95.65,,,,,,,,,,,,1,1,1,1,1,1
2026-07-30,95.68,,,,,,,,,,,,1,1,1,1,1,1
2026-07-31,95.38,,,,,,,,,,,,1,1,1,1,1,1
2026-08-03,95.34,,,,,,,,,,,,1,1,1,1,1,1
2026-08-04,95.38,,,,,,,,,,,,1,1,1,1,1,1
2026-08-05,95.14,,,,,,,,,,,,1,1,1,1,1,1
2026-08-06,95.21,,,,,,,,,,,,1,1,1,1,1,1
2026-08-07,95.21,,,,,,,,,,,,1,1,1,1,1,1
2026-08-10,95.3,,,,,,,,,,,,1,1,1,1,1,1
2026-08-11,95.44,,,,,,,,,,,,1,1,1,1,1,1
2026-08-12,95.33,,,,,,,,,,,,1,1,1,1,1,1
2026-08-13,95.44,,,,,,,,,,,,1,1,1,1,1,1
2026-08-14,95.43,,,,,,,,,,,,1,1,1,1,1,1
2026-08-17,95.6,,,,,,,,,,,,1,1,1,1,1,1
2026-08-18,95.68,,,,,,,,,,,,1,1,1,1,1,1
2026-08-19,95.75,,,,,,,,,,,,1,1,1,1,1,1
2026-08-20,95.71,,,,,,,,,,,,1,1,1,1,1,1
2026-08-21,95.7,,,,,,,,,,,,1,1,1,1,1,1
2026-08-24,95.75,,,,,,,,,,,,1,1,1,1,1,1
2026-08-25,95.41,,,,,,,,,,,,1,1,1,1,1,1
2026-08-26,95.43,,,,,,,,,,,,1,1,1,1,1,1
2026-08-27,95.54,,,,,,,,,,,,1,1,1,1,1,1
2026-08-28,95.38,,,,,,,,,,,,1,1,1,1,1,1
2026-08-31,95.16,,,,,,,,,,,,1,1,1,1,1,1
2026-09-01,94.95,,,,,,,,,,,,1,1,1,1,1,1
2026-09-02,94.97,,,,,,,,,,,,1,1,1,1,1,1
2026-09-03,94.49,,,,,,,,,,,,1,1,1,1,1,1
2026-09-04,94.49,,,,,,,,,,,,1,1,1,1,1,1
2026-09-08,94.82,,,,,,,,,,,,1,1,1,1,1,1
2026-09-09,95.09,,,,,,,,,,,,1,1,1,1,1,1
2026-09-10,95.44,,,,,,,,,,,,1,1,1,1,1,1
2026-09-11,95.55,,,,,,,,,,,,1,1,1,1,1,1
2026-09-14,95.55,,,,,,,,,,,,1,1,1,1,1,1
2026-09-15,95.95,,,,,,,,,,,,1,1,1,1,1,1
2026-09-16,95.96,,,,,,,,,,,,1,1,1,1,1,1
2026-09-17,95.93,,,,,,,,,,,,1,1,1,1,1,1
2026-09-18,95.87,,,,,,,,,,,,1,1,1,1,1,1
2026-09-21,95.81,,,,,,,,,,,,1,1,1,1,1,1
2026-09-22,95.59,,,,,,,,,,,,1,1,1,1,1,1
2026-09-23,95.74,,,,,,,,,,,,1,1,1,1,1,1
2026-09-24,95.96,,,,,,,,,,,,1,1,1,1,1,1
2026-09-25,95.81,,,,,,,,,,,,1,1,1,1,1,1
2026-09-28,95.98,,,,,,,,,,,,1,1,1,1,1,1
2026-09-29,95.98,,,,,,,,,,,,1,1,1,1,1,1
2026-09-30,95.83,,,,,,,,,,,,1,1,1,1,1,1
2026-10-01,96.32,,,,,,,,,,,,1,1,1,1,1,1
2026-10-02,96.31,,,,,,,,,,,,1,1,1,1,1,1
